image_id,varroa_present,confidence,bbox_count
bee_0000.jpg,0,0.764,0
bee_0001.jpg,0,0.855,0
bee_0002.jpg,1,0.697,2
bee_0003.jpg,0,0.895,0
bee_0004.jpg,0,0.979,0
bee_0005.jpg,0,0.702,0
bee_0006.jpg,0,0.849,0
bee_0007.jpg,0,0.898,0
bee_0008.jpg,0,0.812,0
bee_0009.jpg,1,0.714,2
bee_0010.jpg,0,0.684,0
bee_0011.jpg,0,0.852,0
bee_0012.jpg,0,0.787,0
bee_0013.jpg,1,0.927,1
bee_0014.jpg,0,0.635,0
bee_0015.jpg,0,0.613,0
bee_0016.jpg,0,0.745,0
bee_0017.jpg,0,0.785,0
bee_0018.jpg,0,0.849,0
bee_0019.jpg,0,0.644,0
bee_0020.jpg,1,0.829,1
bee_0021.jpg,0,0.917,0
bee_0022.jpg,0,0.955,0
bee_0023.jpg,0,0.951,0
bee_0024.jpg,0,0.802,0
bee_0025.jpg,0,0.951,0
bee_0026.jpg,0,0.810,0
bee_0027.jpg,1,0.629,2
bee_0028.jpg,1,0.980,1
bee_0029.jpg,1,0.601,3
bee_0030.jpg,0,0.711,0
bee_0031.jpg,0,0.618,0
bee_0032.jpg,1,0.812,4
bee_0033.jpg,1,0.821,2
bee_0034.jpg,0,0.849,0
bee_0035.jpg,0,0.655,0
bee_0036.jpg,1,0.607,4
bee_0037.jpg,0,0.704,0
bee_0038.jpg,0,0.620,0
bee_0039.jpg,1,0.614,2
bee_0040.jpg,1,0.703,1
bee_0041.jpg,1,0.990,4
bee_0042.jpg,1,0.913,1
bee_0043.jpg,1,0.741,3
bee_0044.jpg,1,0.747,3
bee_0045.jpg,0,0.963,0
bee_0046.jpg,0,0.858,0
bee_0047.jpg,1,0.926,1
bee_0048.jpg,0,0.937,0
bee_0049.jpg,0,0.666,0
bee_0050.jpg,1,0.606,3
bee_0051.jpg,0,0.705,0
bee_0052.jpg,0,0.832,0
bee_0053.jpg,0,0.954,0
bee_0054.jpg,0,0.720,0
bee_0055.jpg,0,0.932,0
bee_0056.jpg,0,0.858,0
bee_0057.jpg,0,0.855,0
bee_0058.jpg,0,0.879,0
bee_0059.jpg,0,0.799,0
bee_0060.jpg,1,0.863,1
bee_0061.jpg,0,0.909,0
bee_0062.jpg,1,0.830,1
bee_0063.jpg,0,0.615,0
bee_0064.jpg,0,0.799,0
bee_0065.jpg,0,0.833,0
bee_0066.jpg,0,0.941,0
bee_0067.jpg,1,0.602,2
bee_0068.jpg,1,0.619,3
bee_0069.jpg,0,0.743,0
bee_0070.jpg,0,0.913,0
bee_0071.jpg,1,0.789,3
bee_0072.jpg,0,0.719,0
bee_0073.jpg,0,0.870,0
bee_0074.jpg,0,0.797,0
bee_0075.jpg,1,0.824,2
bee_0076.jpg,1,0.767,2
bee_0077.jpg,1,0.883,3
bee_0078.jpg,0,0.606,0
bee_0079.jpg,0,0.601,0
bee_0080.jpg,1,0.866,4
bee_0081.jpg,0,0.610,0
bee_0082.jpg,0,0.732,0
bee_0083.jpg,0,0.743,0
bee_0084.jpg,1,0.839,4
bee_0085.jpg,0,0.901,0
bee_0086.jpg,0,0.921,0
bee_0087.jpg,0,0.709,0
bee_0088.jpg,0,0.663,0
bee_0089.jpg,1,0.983,4
bee_0090.jpg,0,0.617,0
bee_0091.jpg,0,0.917,0
bee_0092.jpg,0,0.608,0
bee_0093.jpg,0,0.789,0
bee_0094.jpg,1,0.850,2
bee_0095.jpg,0,0.786,0
bee_0096.jpg,0,0.820,0
bee_0097.jpg,1,0.610,1
bee_0098.jpg,0,0.660,0
bee_0099.jpg,0,0.816,0
bee_0100.jpg,0,0.923,0
bee_0101.jpg,0,0.814,0
bee_0102.jpg,0,0.795,0
bee_0103.jpg,0,0.985,0
bee_0104.jpg,1,0.752,2
bee_0105.jpg,1,0.750,1
bee_0106.jpg,1,0.629,3
bee_0107.jpg,1,0.905,1
bee_0108.jpg,0,0.626,0
bee_0109.jpg,0,0.653,0
bee_0110.jpg,0,0.622,0
bee_0111.jpg,0,0.675,0
bee_0112.jpg,0,0.771,0
bee_0113.jpg,1,0.616,4
bee_0114.jpg,0,0.760,0
bee_0115.jpg,0,0.788,0
bee_0116.jpg,0,0.643,0
bee_0117.jpg,0,0.622,0
bee_0118.jpg,1,0.723,1
bee_0119.jpg,1,0.854,3
bee_0120.jpg,0,0.837,0
bee_0121.jpg,0,0.649,0
bee_0122.jpg,0,0.636,0
bee_0123.jpg,0,0.673,0
bee_0124.jpg,0,0.941,0
bee_0125.jpg,1,0.963,2
bee_0126.jpg,0,0.803,0
bee_0127.jpg,0,0.952,0
bee_0128.jpg,0,0.651,0
bee_0129.jpg,1,0.856,2
bee_0130.jpg,1,0.853,1
bee_0131.jpg,0,0.775,0
bee_0132.jpg,1,0.888,1
bee_0133.jpg,1,0.785,2
bee_0134.jpg,1,0.934,4
bee_0135.jpg,1,0.653,4
bee_0136.jpg,0,0.607,0
bee_0137.jpg,1,0.747,1
bee_0138.jpg,0,0.650,0
bee_0139.jpg,0,0.670,0
bee_0140.jpg,0,0.619,0
bee_0141.jpg,0,0.768,0
bee_0142.jpg,0,0.888,0
bee_0143.jpg,0,0.817,0
bee_0144.jpg,0,0.739,0
bee_0145.jpg,0,0.605,0
bee_0146.jpg,0,0.799,0
bee_0147.jpg,0,0.728,0
bee_0148.jpg,0,0.693,0
bee_0149.jpg,0,0.776,0
bee_0150.jpg,1,0.666,1
bee_0151.jpg,1,0.725,2
bee_0152.jpg,0,0.961,0
bee_0153.jpg,1,0.838,3
bee_0154.jpg,0,0.986,0
bee_0155.jpg,0,0.845,0
bee_0156.jpg,1,0.638,2
bee_0157.jpg,0,0.860,0
bee_0158.jpg,0,0.938,0
bee_0159.jpg,0,0.956,0
bee_0160.jpg,1,0.816,3
bee_0161.jpg,0,0.647,0
bee_0162.jpg,0,0.851,0
bee_0163.jpg,0,0.656,0
bee_0164.jpg,1,0.622,4
bee_0165.jpg,0,0.683,0
bee_0166.jpg,0,0.638,0
bee_0167.jpg,0,0.774,0
bee_0168.jpg,0,0.968,0
bee_0169.jpg,0,0.858,0
bee_0170.jpg,0,0.871,0
bee_0171.jpg,1,0.913,3
bee_0172.jpg,0,0.693,0
bee_0173.jpg,1,0.823,4
bee_0174.jpg,0,0.878,0
bee_0175.jpg,1,0.719,2
bee_0176.jpg,0,0.751,0
bee_0177.jpg,0,0.874,0
bee_0178.jpg,0,0.915,0
bee_0179.jpg,0,0.741,0
bee_0180.jpg,0,0.844,0
bee_0181.jpg,1,0.859,3
bee_0182.jpg,0,0.962,0
bee_0183.jpg,0,0.907,0
bee_0184.jpg,1,0.676,3
bee_0185.jpg,0,0.844,0
bee_0186.jpg,0,0.974,0
bee_0187.jpg,0,0.748,0
bee_0188.jpg,1,0.898,3
bee_0189.jpg,0,0.810,0
bee_0190.jpg,0,0.771,0
bee_0191.jpg,0,0.822,0
bee_0192.jpg,0,0.766,0
bee_0193.jpg,0,0.724,0
bee_0194.jpg,0,0.897,0
bee_0195.jpg,1,0.808,4
bee_0196.jpg,0,0.965,0
bee_0197.jpg,1,0.603,3
bee_0198.jpg,0,0.900,0
bee_0199.jpg,0,0.661,0
bee_0200.jpg,1,0.897,1
bee_0201.jpg,0,0.939,0
bee_0202.jpg,0,0.906,0
bee_0203.jpg,0,0.832,0
bee_0204.jpg,1,0.648,1
bee_0205.jpg,0,0.975,0
bee_0206.jpg,0,0.727,0
bee_0207.jpg,0,0.611,0
bee_0208.jpg,0,0.601,0
bee_0209.jpg,0,0.888,0
bee_0210.jpg,1,0.925,1
bee_0211.jpg,0,0.913,0
bee_0212.jpg,1,0.818,1
bee_0213.jpg,0,0.846,0
bee_0214.jpg,0,0.954,0
bee_0215.jpg,0,0.859,0
bee_0216.jpg,1,0.737,3
bee_0217.jpg,0,0.971,0
bee_0218.jpg,0,0.977,0
bee_0219.jpg,1,0.845,1
bee_0220.jpg,0,0.821,0
bee_0221.jpg,0,0.965,0
bee_0222.jpg,1,0.903,1
bee_0223.jpg,0,0.646,0
bee_0224.jpg,0,0.974,0
bee_0225.jpg,1,0.883,3
bee_0226.jpg,0,0.888,0
bee_0227.jpg,1,0.756,1
bee_0228.jpg,0,0.603,0
bee_0229.jpg,0,0.706,0
bee_0230.jpg,1,0.729,4
bee_0231.jpg,0,0.778,0
bee_0232.jpg,0,0.874,0
bee_0233.jpg,0,0.776,0
bee_0234.jpg,0,0.745,0
bee_0235.jpg,1,0.697,1
bee_0236.jpg,0,0.900,0
bee_0237.jpg,1,0.907,4
bee_0238.jpg,0,0.742,0
bee_0239.jpg,1,0.685,3
bee_0240.jpg,0,0.686,0
bee_0241.jpg,0,0.858,0
bee_0242.jpg,0,0.901,0
bee_0243.jpg,1,0.906,1
bee_0244.jpg,1,0.940,1
bee_0245.jpg,0,0.894,0
bee_0246.jpg,0,0.790,0
bee_0247.jpg,0,0.704,0
bee_0248.jpg,1,0.746,4
bee_0249.jpg,1,0.711,2
bee_0250.jpg,0,0.639,0
bee_0251.jpg,0,0.656,0
bee_0252.jpg,0,0.605,0
bee_0253.jpg,1,0.677,3
bee_0254.jpg,1,0.926,1
bee_0255.jpg,0,0.809,0
bee_0256.jpg,0,0.752,0
bee_0257.jpg,1,0.693,3
bee_0258.jpg,0,0.830,0
bee_0259.jpg,0,0.980,0
bee_0260.jpg,0,0.736,0
bee_0261.jpg,0,0.931,0
bee_0262.jpg,1,0.966,4
bee_0263.jpg,0,0.907,0
bee_0264.jpg,0,0.831,0
bee_0265.jpg,0,0.718,0
bee_0266.jpg,1,0.613,1
bee_0267.jpg,1,0.887,2
bee_0268.jpg,0,0.973,0
bee_0269.jpg,1,0.869,3
bee_0270.jpg,0,0.614,0
bee_0271.jpg,1,0.654,4
bee_0272.jpg,0,0.753,0
bee_0273.jpg,1,0.986,1
bee_0274.jpg,0,0.633,0
bee_0275.jpg,0,0.724,0
bee_0276.jpg,1,0.815,3
bee_0277.jpg,0,0.644,0
bee_0278.jpg,1,0.646,3
bee_0279.jpg,0,0.627,0
bee_0280.jpg,0,0.796,0
bee_0281.jpg,1,0.712,3
bee_0282.jpg,1,0.615,2
bee_0283.jpg,0,0.796,0
bee_0284.jpg,1,0.885,1
bee_0285.jpg,0,0.861,0
bee_0286.jpg,1,0.867,4
bee_0287.jpg,0,0.815,0
bee_0288.jpg,1,0.905,1
bee_0289.jpg,0,0.624,0
bee_0290.jpg,0,0.674,0
bee_0291.jpg,1,0.874,3
bee_0292.jpg,1,0.731,2
bee_0293.jpg,0,0.693,0
bee_0294.jpg,0,0.611,0
bee_0295.jpg,0,0.939,0
bee_0296.jpg,0,0.927,0
bee_0297.jpg,0,0.624,0
bee_0298.jpg,0,0.719,0
bee_0299.jpg,1,0.684,2
bee_0300.jpg,1,0.681,3
bee_0301.jpg,1,0.701,3
bee_0302.jpg,0,0.716,0
bee_0303.jpg,0,0.876,0
bee_0304.jpg,0,0.978,0
bee_0305.jpg,1,0.618,1
bee_0306.jpg,0,0.726,0
bee_0307.jpg,0,0.860,0
bee_0308.jpg,0,0.719,0
bee_0309.jpg,0,0.675,0
bee_0310.jpg,0,0.665,0
bee_0311.jpg,0,0.833,0
bee_0312.jpg,0,0.659,0
bee_0313.jpg,0,0.638,0
bee_0314.jpg,0,0.892,0
bee_0315.jpg,0,0.734,0
bee_0316.jpg,1,0.949,1
bee_0317.jpg,0,0.794,0
bee_0318.jpg,1,0.651,2
bee_0319.jpg,0,0.675,0
bee_0320.jpg,0,0.944,0
bee_0321.jpg,0,0.649,0
bee_0322.jpg,1,0.723,2
bee_0323.jpg,0,0.718,0
bee_0324.jpg,1,0.985,2
bee_0325.jpg,0,0.980,0
bee_0326.jpg,0,0.870,0
bee_0327.jpg,1,0.692,1
bee_0328.jpg,0,0.670,0
bee_0329.jpg,1,0.623,2
bee_0330.jpg,0,0.624,0
bee_0331.jpg,1,0.967,3
bee_0332.jpg,0,0.835,0
bee_0333.jpg,0,0.677,0
bee_0334.jpg,0,0.905,0
bee_0335.jpg,0,0.630,0
bee_0336.jpg,1,0.804,4
bee_0337.jpg,1,0.676,3
bee_0338.jpg,1,0.775,1
bee_0339.jpg,0,0.689,0
bee_0340.jpg,0,0.653,0
bee_0341.jpg,0,0.961,0
bee_0342.jpg,0,0.959,0
bee_0343.jpg,0,0.792,0
bee_0344.jpg,0,0.907,0
bee_0345.jpg,0,0.679,0
bee_0346.jpg,1,0.755,3
bee_0347.jpg,1,0.688,4
bee_0348.jpg,0,0.633,0
bee_0349.jpg,1,0.765,4
bee_0350.jpg,0,0.891,0
bee_0351.jpg,1,0.890,1
bee_0352.jpg,0,0.773,0
bee_0353.jpg,0,0.774,0
bee_0354.jpg,0,0.835,0
bee_0355.jpg,0,0.964,0
bee_0356.jpg,0,0.659,0
bee_0357.jpg,0,0.758,0
bee_0358.jpg,1,0.953,4
bee_0359.jpg,1,0.814,1
bee_0360.jpg,0,0.909,0
bee_0361.jpg,0,0.780,0
bee_0362.jpg,0,0.959,0
bee_0363.jpg,0,0.947,0
bee_0364.jpg,0,0.774,0
bee_0365.jpg,0,0.602,0
bee_0366.jpg,0,0.821,0
bee_0367.jpg,1,0.680,3
bee_0368.jpg,1,0.694,4
bee_0369.jpg,0,0.768,0
bee_0370.jpg,1,0.775,1
bee_0371.jpg,1,0.936,4
bee_0372.jpg,1,0.612,2
bee_0373.jpg,0,0.715,0
bee_0374.jpg,0,0.847,0
bee_0375.jpg,0,0.843,0
bee_0376.jpg,1,0.724,4
bee_0377.jpg,0,0.669,0
bee_0378.jpg,1,0.708,4
bee_0379.jpg,1,0.948,4
bee_0380.jpg,1,0.703,1
bee_0381.jpg,0,0.792,0
bee_0382.jpg,0,0.968,0
bee_0383.jpg,0,0.646,0
bee_0384.jpg,0,0.940,0
bee_0385.jpg,0,0.890,0
bee_0386.jpg,0,0.789,0
bee_0387.jpg,0,0.970,0
bee_0388.jpg,1,0.629,2
bee_0389.jpg,1,0.933,2
bee_0390.jpg,0,0.677,0
bee_0391.jpg,0,0.738,0
bee_0392.jpg,1,0.648,2
bee_0393.jpg,0,0.793,0
bee_0394.jpg,0,0.666,0
bee_0395.jpg,0,0.699,0
bee_0396.jpg,1,0.623,1
bee_0397.jpg,0,0.719,0
bee_0398.jpg,1,0.664,4
bee_0399.jpg,0,0.867,0
bee_0400.jpg,0,0.849,0
bee_0401.jpg,1,0.860,3
bee_0402.jpg,0,0.864,0
bee_0403.jpg,0,0.640,0
bee_0404.jpg,0,0.683,0
bee_0405.jpg,0,0.888,0
bee_0406.jpg,0,0.788,0
bee_0407.jpg,0,0.846,0
bee_0408.jpg,1,0.622,4
bee_0409.jpg,0,0.751,0
bee_0410.jpg,1,0.771,4
bee_0411.jpg,1,0.870,4
bee_0412.jpg,1,0.956,2
bee_0413.jpg,1,0.824,4
bee_0414.jpg,0,0.897,0
bee_0415.jpg,0,0.851,0
bee_0416.jpg,0,0.955,0
bee_0417.jpg,0,0.916,0
bee_0418.jpg,1,0.696,4
bee_0419.jpg,0,0.687,0
bee_0420.jpg,0,0.956,0
bee_0421.jpg,0,0.833,0
bee_0422.jpg,1,0.775,3
bee_0423.jpg,0,0.873,0
bee_0424.jpg,1,0.710,2
bee_0425.jpg,0,0.915,0
bee_0426.jpg,0,0.806,0
bee_0427.jpg,0,0.940,0
bee_0428.jpg,1,0.851,1
bee_0429.jpg,0,0.701,0
bee_0430.jpg,0,0.977,0
bee_0431.jpg,1,0.757,1
bee_0432.jpg,0,0.899,0
bee_0433.jpg,1,0.700,4
bee_0434.jpg,0,0.763,0
bee_0435.jpg,1,0.888,2
bee_0436.jpg,0,0.872,0
bee_0437.jpg,0,0.966,0
bee_0438.jpg,0,0.911,0
bee_0439.jpg,0,0.726,0
bee_0440.jpg,1,0.937,3
bee_0441.jpg,0,0.959,0
bee_0442.jpg,0,0.972,0
bee_0443.jpg,0,0.951,0
bee_0444.jpg,0,0.871,0
bee_0445.jpg,1,0.910,4
bee_0446.jpg,0,0.853,0
bee_0447.jpg,0,0.725,0
bee_0448.jpg,0,0.918,0
bee_0449.jpg,0,0.689,0
bee_0450.jpg,0,0.768,0
bee_0451.jpg,0,0.734,0
bee_0452.jpg,0,0.667,0
bee_0453.jpg,1,0.912,4
bee_0454.jpg,0,0.784,0
bee_0455.jpg,0,0.806,0
bee_0456.jpg,0,0.796,0
bee_0457.jpg,0,0.869,0
bee_0458.jpg,1,0.669,1
bee_0459.jpg,0,0.795,0
bee_0460.jpg,0,0.701,0
bee_0461.jpg,0,0.979,0
bee_0462.jpg,0,0.623,0
bee_0463.jpg,0,0.962,0
bee_0464.jpg,0,0.623,0
bee_0465.jpg,0,0.643,0
bee_0466.jpg,0,0.953,0
bee_0467.jpg,0,0.853,0
bee_0468.jpg,1,0.727,1
bee_0469.jpg,1,0.829,1
bee_0470.jpg,0,0.665,0
bee_0471.jpg,0,0.625,0
bee_0472.jpg,1,0.619,1
bee_0473.jpg,0,0.705,0
bee_0474.jpg,0,0.670,0
bee_0475.jpg,0,0.757,0
bee_0476.jpg,1,0.942,1
bee_0477.jpg,0,0.748,0
bee_0478.jpg,0,0.755,0
bee_0479.jpg,0,0.647,0
bee_0480.jpg,0,0.986,0
bee_0481.jpg,1,0.657,1
bee_0482.jpg,0,0.732,0
bee_0483.jpg,1,0.969,3
bee_0484.jpg,0,0.777,0
bee_0485.jpg,1,0.732,2
bee_0486.jpg,0,0.879,0
bee_0487.jpg,1,0.613,3
bee_0488.jpg,0,0.725,0
bee_0489.jpg,0,0.826,0
bee_0490.jpg,0,0.986,0
bee_0491.jpg,0,0.977,0
bee_0492.jpg,1,0.844,3
bee_0493.jpg,0,0.733,0
bee_0494.jpg,0,0.815,0
bee_0495.jpg,1,0.964,2
bee_0496.jpg,0,0.860,0
bee_0497.jpg,1,0.658,4
bee_0498.jpg,0,0.979,0
bee_0499.jpg,1,0.952,4
bee_0500.jpg,1,0.685,2
bee_0501.jpg,1,0.856,3
bee_0502.jpg,0,0.943,0
bee_0503.jpg,0,0.686,0
bee_0504.jpg,0,0.960,0
bee_0505.jpg,0,0.670,0
bee_0506.jpg,0,0.739,0
bee_0507.jpg,0,0.968,0
bee_0508.jpg,1,0.969,3
bee_0509.jpg,0,0.609,0
bee_0510.jpg,0,0.938,0
bee_0511.jpg,0,0.871,0
bee_0512.jpg,0,0.940,0
bee_0513.jpg,1,0.780,1
bee_0514.jpg,0,0.983,0
bee_0515.jpg,0,0.892,0
bee_0516.jpg,1,0.896,4
bee_0517.jpg,0,0.767,0
bee_0518.jpg,0,0.753,0
bee_0519.jpg,0,0.680,0
bee_0520.jpg,1,0.623,1
bee_0521.jpg,0,0.952,0
bee_0522.jpg,1,0.830,4
bee_0523.jpg,0,0.818,0
bee_0524.jpg,0,0.732,0
bee_0525.jpg,0,0.888,0
bee_0526.jpg,1,0.759,1
bee_0527.jpg,1,0.916,1
bee_0528.jpg,0,0.631,0
bee_0529.jpg,0,0.696,0
bee_0530.jpg,1,0.711,2
bee_0531.jpg,1,0.609,4
bee_0532.jpg,0,0.859,0
bee_0533.jpg,1,0.874,4
bee_0534.jpg,1,0.761,4
bee_0535.jpg,0,0.910,0
bee_0536.jpg,1,0.972,1
bee_0537.jpg,1,0.887,4
bee_0538.jpg,0,0.863,0
bee_0539.jpg,0,0.775,0
bee_0540.jpg,0,0.816,0
bee_0541.jpg,1,0.712,4
bee_0542.jpg,1,0.695,2
bee_0543.jpg,1,0.610,3
bee_0544.jpg,0,0.788,0
bee_0545.jpg,0,0.688,0
bee_0546.jpg,1,0.782,1
bee_0547.jpg,0,0.917,0
bee_0548.jpg,0,0.743,0
bee_0549.jpg,1,0.726,1
bee_0550.jpg,0,0.774,0
bee_0551.jpg,0,0.793,0
bee_0552.jpg,0,0.706,0
bee_0553.jpg,0,0.834,0
bee_0554.jpg,1,0.611,3
bee_0555.jpg,1,0.790,1
bee_0556.jpg,1,0.853,3
bee_0557.jpg,1,0.782,3
bee_0558.jpg,1,0.982,4
bee_0559.jpg,0,0.660,0
bee_0560.jpg,0,0.777,0
bee_0561.jpg,0,0.714,0
bee_0562.jpg,1,0.952,4
bee_0563.jpg,1,0.670,1
bee_0564.jpg,0,0.803,0
bee_0565.jpg,0,0.765,0
bee_0566.jpg,0,0.958,0
bee_0567.jpg,1,0.817,4
bee_0568.jpg,0,0.782,0
bee_0569.jpg,0,0.829,0
bee_0570.jpg,1,0.877,3
bee_0571.jpg,0,0.612,0
bee_0572.jpg,0,0.696,0
bee_0573.jpg,0,0.692,0
bee_0574.jpg,0,0.762,0
bee_0575.jpg,1,0.825,4
bee_0576.jpg,1,0.957,4
bee_0577.jpg,0,0.821,0
bee_0578.jpg,0,0.671,0
bee_0579.jpg,1,0.805,2
bee_0580.jpg,1,0.767,1
bee_0581.jpg,0,0.852,0
bee_0582.jpg,0,0.848,0
bee_0583.jpg,1,0.857,1
bee_0584.jpg,0,0.989,0
bee_0585.jpg,1,0.611,4
bee_0586.jpg,1,0.897,1
bee_0587.jpg,1,0.933,1
bee_0588.jpg,0,0.696,0
bee_0589.jpg,0,0.895,0
bee_0590.jpg,0,0.641,0
bee_0591.jpg,0,0.812,0
bee_0592.jpg,1,0.726,4
bee_0593.jpg,0,0.689,0
bee_0594.jpg,1,0.852,4
bee_0595.jpg,0,0.757,0
bee_0596.jpg,1,0.665,4
bee_0597.jpg,1,0.837,4
bee_0598.jpg,0,0.798,0
bee_0599.jpg,0,0.616,0
bee_0600.jpg,0,0.920,0
bee_0601.jpg,0,0.985,0
bee_0602.jpg,0,0.733,0
bee_0603.jpg,1,0.985,2
bee_0604.jpg,0,0.988,0
bee_0605.jpg,1,0.781,1
bee_0606.jpg,0,0.959,0
bee_0607.jpg,1,0.905,1
bee_0608.jpg,0,0.925,0
bee_0609.jpg,0,0.648,0
bee_0610.jpg,1,0.904,1
bee_0611.jpg,0,0.692,0
bee_0612.jpg,0,0.892,0
bee_0613.jpg,1,0.692,2
bee_0614.jpg,0,0.906,0
bee_0615.jpg,0,0.949,0
bee_0616.jpg,0,0.796,0
bee_0617.jpg,1,0.769,2
bee_0618.jpg,0,0.657,0
bee_0619.jpg,0,0.692,0
bee_0620.jpg,0,0.987,0
bee_0621.jpg,1,0.885,3
bee_0622.jpg,0,0.900,0
bee_0623.jpg,1,0.917,1
bee_0624.jpg,0,0.828,0
bee_0625.jpg,0,0.772,0
bee_0626.jpg,0,0.736,0
bee_0627.jpg,1,0.611,2
bee_0628.jpg,1,0.916,1
bee_0629.jpg,1,0.937,1
bee_0630.jpg,0,0.734,0
bee_0631.jpg,1,0.801,3
bee_0632.jpg,0,0.825,0
bee_0633.jpg,0,0.856,0
bee_0634.jpg,0,0.853,0
bee_0635.jpg,1,0.677,1
bee_0636.jpg,1,0.868,3
bee_0637.jpg,0,0.893,0
bee_0638.jpg,1,0.607,4
bee_0639.jpg,0,0.841,0
bee_0640.jpg,0,0.763,0
bee_0641.jpg,0,0.945,0
bee_0642.jpg,1,0.968,3
bee_0643.jpg,0,0.828,0
bee_0644.jpg,0,0.756,0
bee_0645.jpg,1,0.966,1
bee_0646.jpg,0,0.705,0
bee_0647.jpg,1,0.792,2
bee_0648.jpg,1,0.738,3
bee_0649.jpg,0,0.660,0
bee_0650.jpg,0,0.949,0
bee_0651.jpg,1,0.698,4
bee_0652.jpg,0,0.910,0
bee_0653.jpg,1,0.894,3
bee_0654.jpg,1,0.860,1
bee_0655.jpg,0,0.643,0
bee_0656.jpg,0,0.756,0
bee_0657.jpg,0,0.961,0
bee_0658.jpg,0,0.743,0
bee_0659.jpg,0,0.608,0
bee_0660.jpg,0,0.883,0
bee_0661.jpg,0,0.868,0
bee_0662.jpg,0,0.826,0
bee_0663.jpg,0,0.742,0
bee_0664.jpg,0,0.726,0
bee_0665.jpg,0,0.690,0
bee_0666.jpg,0,0.831,0
bee_0667.jpg,0,0.988,0
bee_0668.jpg,0,0.906,0
bee_0669.jpg,1,0.855,1
bee_0670.jpg,0,0.822,0
bee_0671.jpg,0,0.875,0
bee_0672.jpg,0,0.796,0
bee_0673.jpg,1,0.930,4
bee_0674.jpg,1,0.827,4
bee_0675.jpg,0,0.697,0
bee_0676.jpg,0,0.820,0
bee_0677.jpg,1,0.696,2
bee_0678.jpg,0,0.809,0
bee_0679.jpg,0,0.914,0
bee_0680.jpg,1,0.884,2
bee_0681.jpg,0,0.705,0
bee_0682.jpg,0,0.884,0
bee_0683.jpg,0,0.648,0
bee_0684.jpg,0,0.852,0
bee_0685.jpg,0,0.723,0
bee_0686.jpg,0,0.841,0
bee_0687.jpg,0,0.936,0
bee_0688.jpg,0,0.652,0
bee_0689.jpg,0,0.872,0
bee_0690.jpg,0,0.866,0
bee_0691.jpg,0,0.895,0
bee_0692.jpg,0,0.978,0
bee_0693.jpg,0,0.788,0
bee_0694.jpg,0,0.653,0
bee_0695.jpg,0,0.871,0
bee_0696.jpg,1,0.813,2
bee_0697.jpg,0,0.917,0
bee_0698.jpg,0,0.909,0
bee_0699.jpg,0,0.886,0
bee_0700.jpg,0,0.755,0
bee_0701.jpg,0,0.786,0
bee_0702.jpg,0,0.957,0
bee_0703.jpg,0,0.770,0
bee_0704.jpg,1,0.829,1
bee_0705.jpg,0,0.867,0
bee_0706.jpg,1,0.645,2
bee_0707.jpg,0,0.900,0
bee_0708.jpg,1,0.606,4
bee_0709.jpg,0,0.983,0
bee_0710.jpg,1,0.822,4
bee_0711.jpg,0,0.666,0
bee_0712.jpg,1,0.906,4
bee_0713.jpg,0,0.929,0
bee_0714.jpg,1,0.680,1
bee_0715.jpg,0,0.616,0
bee_0716.jpg,0,0.805,0
bee_0717.jpg,1,0.850,4
bee_0718.jpg,0,0.666,0
bee_0719.jpg,0,0.819,0
bee_0720.jpg,0,0.805,0
bee_0721.jpg,0,0.937,0
bee_0722.jpg,0,0.918,0
bee_0723.jpg,0,0.651,0
bee_0724.jpg,0,0.876,0
bee_0725.jpg,0,0.796,0
bee_0726.jpg,1,0.782,3
bee_0727.jpg,0,0.663,0
bee_0728.jpg,0,0.892,0
bee_0729.jpg,1,0.939,1
bee_0730.jpg,0,0.680,0
bee_0731.jpg,1,0.611,2
bee_0732.jpg,0,0.838,0
bee_0733.jpg,0,0.983,0
bee_0734.jpg,1,0.865,3
bee_0735.jpg,0,0.699,0
bee_0736.jpg,1,0.940,3
bee_0737.jpg,1,0.810,2
bee_0738.jpg,0,0.799,0
bee_0739.jpg,0,0.622,0
bee_0740.jpg,0,0.624,0
bee_0741.jpg,1,0.826,4
bee_0742.jpg,0,0.915,0
bee_0743.jpg,0,0.894,0
bee_0744.jpg,1,0.967,4
bee_0745.jpg,1,0.796,2
bee_0746.jpg,1,0.842,3
bee_0747.jpg,0,0.845,0
bee_0748.jpg,0,0.748,0
bee_0749.jpg,1,0.601,2
bee_0750.jpg,0,0.927,0
bee_0751.jpg,1,0.626,2
bee_0752.jpg,0,0.974,0
bee_0753.jpg,0,0.929,0
bee_0754.jpg,1,0.640,1
bee_0755.jpg,1,0.648,2
bee_0756.jpg,1,0.887,1
bee_0757.jpg,1,0.812,4
bee_0758.jpg,0,0.853,0
bee_0759.jpg,0,0.713,0
bee_0760.jpg,0,0.945,0
bee_0761.jpg,0,0.812,0
bee_0762.jpg,1,0.821,4
bee_0763.jpg,0,0.986,0
bee_0764.jpg,0,0.901,0
bee_0765.jpg,0,0.869,0
bee_0766.jpg,1,0.938,2
bee_0767.jpg,0,0.986,0
bee_0768.jpg,0,0.917,0
bee_0769.jpg,1,0.914,4
bee_0770.jpg,1,0.675,1
bee_0771.jpg,0,0.941,0
bee_0772.jpg,0,0.944,0
bee_0773.jpg,0,0.833,0
bee_0774.jpg,1,0.854,3
bee_0775.jpg,0,0.843,0
bee_0776.jpg,1,0.813,1
bee_0777.jpg,0,0.672,0
bee_0778.jpg,0,0.857,0
bee_0779.jpg,0,0.748,0
bee_0780.jpg,0,0.809,0
bee_0781.jpg,0,0.951,0
bee_0782.jpg,0,0.643,0
bee_0783.jpg,0,0.973,0
bee_0784.jpg,1,0.822,4
bee_0785.jpg,1,0.970,4
bee_0786.jpg,0,0.678,0
bee_0787.jpg,0,0.621,0
bee_0788.jpg,1,0.842,3
bee_0789.jpg,1,0.805,3
bee_0790.jpg,0,0.887,0
bee_0791.jpg,1,0.835,4
bee_0792.jpg,1,0.801,4
bee_0793.jpg,0,0.952,0
bee_0794.jpg,1,0.726,2
bee_0795.jpg,0,0.706,0
bee_0796.jpg,0,0.914,0
bee_0797.jpg,0,0.737,0
bee_0798.jpg,1,0.820,4
bee_0799.jpg,1,0.839,2
bee_0800.jpg,1,0.715,3
bee_0801.jpg,0,0.739,0
bee_0802.jpg,0,0.616,0
bee_0803.jpg,0,0.709,0
bee_0804.jpg,0,0.727,0
bee_0805.jpg,1,0.607,2
bee_0806.jpg,0,0.921,0
bee_0807.jpg,0,0.945,0
bee_0808.jpg,1,0.669,2
bee_0809.jpg,0,0.836,0
bee_0810.jpg,0,0.772,0
bee_0811.jpg,0,0.650,0
bee_0812.jpg,1,0.610,2
bee_0813.jpg,0,0.859,0
bee_0814.jpg,0,0.631,0
bee_0815.jpg,1,0.947,1
bee_0816.jpg,0,0.908,0
bee_0817.jpg,0,0.882,0
bee_0818.jpg,1,0.929,4
bee_0819.jpg,0,0.642,0
bee_0820.jpg,0,0.844,0
bee_0821.jpg,0,0.680,0
bee_0822.jpg,1,0.803,2
bee_0823.jpg,0,0.740,0
bee_0824.jpg,0,0.648,0
bee_0825.jpg,1,0.886,1
bee_0826.jpg,0,0.718,0
bee_0827.jpg,0,0.648,0
bee_0828.jpg,0,0.943,0
bee_0829.jpg,0,0.653,0
bee_0830.jpg,0,0.680,0
bee_0831.jpg,1,0.609,4
bee_0832.jpg,0,0.802,0
bee_0833.jpg,0,0.922,0
bee_0834.jpg,0,0.932,0
bee_0835.jpg,0,0.890,0
bee_0836.jpg,1,0.784,3
bee_0837.jpg,0,0.947,0
bee_0838.jpg,0,0.899,0
bee_0839.jpg,0,0.947,0
bee_0840.jpg,0,0.693,0
bee_0841.jpg,0,0.835,0
bee_0842.jpg,0,0.608,0
bee_0843.jpg,0,0.803,0
bee_0844.jpg,0,0.942,0
bee_0845.jpg,0,0.888,0
bee_0846.jpg,0,0.903,0
bee_0847.jpg,0,0.724,0
bee_0848.jpg,0,0.755,0
bee_0849.jpg,1,0.985,3
bee_0850.jpg,1,0.704,3
bee_0851.jpg,1,0.634,4
bee_0852.jpg,0,0.752,0
bee_0853.jpg,0,0.899,0
bee_0854.jpg,1,0.804,1
bee_0855.jpg,1,0.617,2
bee_0856.jpg,1,0.859,3
bee_0857.jpg,0,0.887,0
bee_0858.jpg,1,0.835,1
bee_0859.jpg,0,0.667,0
bee_0860.jpg,0,0.675,0
bee_0861.jpg,0,0.759,0
bee_0862.jpg,1,0.740,4
bee_0863.jpg,1,0.640,2
bee_0864.jpg,0,0.935,0
bee_0865.jpg,0,0.961,0
bee_0866.jpg,0,0.656,0
bee_0867.jpg,0,0.819,0
bee_0868.jpg,0,0.768,0
bee_0869.jpg,0,0.760,0
bee_0870.jpg,1,0.826,2
bee_0871.jpg,1,0.777,2
bee_0872.jpg,1,0.776,2
bee_0873.jpg,0,0.656,0
bee_0874.jpg,0,0.877,0
bee_0875.jpg,1,0.826,2
bee_0876.jpg,0,0.622,0
bee_0877.jpg,0,0.746,0
bee_0878.jpg,0,0.685,0
bee_0879.jpg,0,0.752,0
bee_0880.jpg,0,0.646,0
bee_0881.jpg,0,0.838,0
bee_0882.jpg,0,0.827,0
bee_0883.jpg,0,0.831,0
bee_0884.jpg,0,0.743,0
bee_0885.jpg,1,0.882,2
bee_0886.jpg,0,0.929,0
bee_0887.jpg,0,0.762,0
bee_0888.jpg,0,0.769,0
bee_0889.jpg,1,0.950,4
bee_0890.jpg,0,0.836,0
bee_0891.jpg,1,0.799,2
bee_0892.jpg,0,0.887,0
bee_0893.jpg,0,0.721,0
bee_0894.jpg,1,0.613,3
bee_0895.jpg,0,0.874,0
bee_0896.jpg,0,0.852,0
bee_0897.jpg,1,0.767,1
bee_0898.jpg,1,0.618,4
bee_0899.jpg,1,0.967,2
bee_0900.jpg,0,0.885,0
bee_0901.jpg,0,0.750,0
bee_0902.jpg,1,0.678,2
bee_0903.jpg,0,0.817,0
bee_0904.jpg,1,0.608,1
bee_0905.jpg,1,0.778,4
bee_0906.jpg,1,0.985,4
bee_0907.jpg,0,0.888,0
bee_0908.jpg,0,0.984,0
bee_0909.jpg,0,0.754,0
bee_0910.jpg,0,0.634,0
bee_0911.jpg,0,0.976,0
bee_0912.jpg,0,0.937,0
bee_0913.jpg,0,0.819,0
bee_0914.jpg,0,0.690,0
bee_0915.jpg,1,0.888,3
bee_0916.jpg,0,0.608,0
bee_0917.jpg,0,0.957,0
bee_0918.jpg,0,0.872,0
bee_0919.jpg,1,0.669,1
bee_0920.jpg,1,0.664,3
bee_0921.jpg,1,0.623,4
bee_0922.jpg,0,0.900,0
bee_0923.jpg,1,0.650,1
bee_0924.jpg,0,0.803,0
bee_0925.jpg,0,0.740,0
bee_0926.jpg,1,0.814,2
bee_0927.jpg,0,0.871,0
bee_0928.jpg,1,0.682,3
bee_0929.jpg,0,0.678,0
bee_0930.jpg,0,0.732,0
bee_0931.jpg,1,0.965,1
bee_0932.jpg,0,0.773,0
bee_0933.jpg,0,0.700,0
bee_0934.jpg,0,0.803,0
bee_0935.jpg,0,0.670,0
bee_0936.jpg,1,0.898,2
bee_0937.jpg,1,0.725,4
bee_0938.jpg,0,0.983,0
bee_0939.jpg,0,0.846,0
bee_0940.jpg,1,0.839,2
bee_0941.jpg,1,0.713,4
bee_0942.jpg,0,0.670,0
bee_0943.jpg,0,0.630,0
bee_0944.jpg,0,0.934,0
bee_0945.jpg,1,0.982,3
bee_0946.jpg,0,0.684,0
bee_0947.jpg,0,0.987,0
bee_0948.jpg,0,0.840,0
bee_0949.jpg,0,0.907,0
bee_0950.jpg,0,0.985,0
bee_0951.jpg,0,0.980,0
bee_0952.jpg,1,0.822,4
bee_0953.jpg,0,0.806,0
bee_0954.jpg,1,0.864,3
bee_0955.jpg,0,0.686,0
bee_0956.jpg,0,0.752,0
bee_0957.jpg,1,0.923,3
bee_0958.jpg,0,0.643,0
bee_0959.jpg,0,0.779,0
bee_0960.jpg,0,0.723,0
bee_0961.jpg,0,0.827,0
bee_0962.jpg,1,0.674,4
bee_0963.jpg,0,0.962,0
bee_0964.jpg,1,0.909,2
bee_0965.jpg,0,0.632,0
bee_0966.jpg,0,0.727,0
bee_0967.jpg,1,0.617,2
bee_0968.jpg,0,0.648,0
bee_0969.jpg,0,0.765,0
bee_0970.jpg,0,0.728,0
bee_0971.jpg,0,0.803,0
bee_0972.jpg,0,0.713,0
bee_0973.jpg,0,0.730,0
bee_0974.jpg,1,0.974,4
bee_0975.jpg,0,0.941,0
bee_0976.jpg,0,0.605,0
bee_0977.jpg,0,0.835,0
bee_0978.jpg,1,0.655,1
bee_0979.jpg,0,0.908,0
bee_0980.jpg,1,0.926,4
bee_0981.jpg,0,0.858,0
bee_0982.jpg,0,0.863,0
bee_0983.jpg,1,0.932,2
bee_0984.jpg,1,0.640,3
bee_0985.jpg,1,0.876,1
bee_0986.jpg,0,0.647,0
bee_0987.jpg,0,0.616,0
bee_0988.jpg,1,0.849,2
bee_0989.jpg,0,0.706,0
bee_0990.jpg,0,0.618,0
bee_0991.jpg,0,0.625,0
bee_0992.jpg,0,0.982,0
bee_0993.jpg,0,0.687,0
bee_0994.jpg,0,0.759,0
bee_0995.jpg,0,0.704,0
bee_0996.jpg,0,0.965,0
bee_0997.jpg,1,0.629,2
bee_0998.jpg,1,0.812,3
bee_0999.jpg,1,0.786,1
bee_1000.jpg,0,0.870,0
bee_1001.jpg,0,0.950,0
bee_1002.jpg,1,0.600,4
bee_1003.jpg,1,0.606,3
bee_1004.jpg,0,0.747,0
bee_1005.jpg,0,0.757,0
bee_1006.jpg,0,0.947,0
bee_1007.jpg,0,0.709,0
bee_1008.jpg,0,0.931,0
bee_1009.jpg,0,0.635,0
bee_1010.jpg,1,0.630,2
bee_1011.jpg,0,0.891,0
bee_1012.jpg,0,0.897,0
bee_1013.jpg,0,0.637,0
bee_1014.jpg,0,0.987,0
bee_1015.jpg,0,0.631,0
bee_1016.jpg,0,0.945,0
bee_1017.jpg,0,0.676,0
bee_1018.jpg,1,0.609,2
bee_1019.jpg,0,0.933,0
bee_1020.jpg,0,0.672,0
bee_1021.jpg,0,0.806,0
bee_1022.jpg,1,0.922,3
bee_1023.jpg,0,0.660,0
bee_1024.jpg,0,0.889,0
bee_1025.jpg,0,0.807,0
bee_1026.jpg,1,0.700,2
bee_1027.jpg,0,0.616,0
bee_1028.jpg,0,0.703,0
bee_1029.jpg,1,0.766,2
bee_1030.jpg,0,0.743,0
bee_1031.jpg,1,0.880,4
bee_1032.jpg,1,0.760,1
bee_1033.jpg,1,0.748,3
bee_1034.jpg,0,0.917,0
bee_1035.jpg,1,0.781,1
bee_1036.jpg,0,0.984,0
bee_1037.jpg,1,0.824,3
bee_1038.jpg,0,0.966,0
bee_1039.jpg,1,0.944,1
bee_1040.jpg,0,0.761,0
bee_1041.jpg,0,0.839,0
bee_1042.jpg,1,0.655,1
bee_1043.jpg,1,0.806,3
bee_1044.jpg,0,0.765,0
bee_1045.jpg,0,0.789,0
bee_1046.jpg,1,0.672,3
bee_1047.jpg,0,0.938,0
bee_1048.jpg,1,0.631,3
bee_1049.jpg,0,0.905,0
bee_1050.jpg,0,0.968,0
bee_1051.jpg,0,0.641,0
bee_1052.jpg,0,0.769,0
bee_1053.jpg,1,0.828,4
bee_1054.jpg,0,0.987,0
bee_1055.jpg,1,0.937,3
bee_1056.jpg,1,0.762,1
bee_1057.jpg,1,0.977,1
bee_1058.jpg,1,0.729,1
bee_1059.jpg,0,0.733,0
bee_1060.jpg,0,0.797,0
bee_1061.jpg,1,0.904,3
bee_1062.jpg,0,0.675,0
bee_1063.jpg,1,0.890,2
bee_1064.jpg,1,0.601,2
bee_1065.jpg,0,0.702,0
bee_1066.jpg,1,0.980,1
bee_1067.jpg,0,0.856,0
bee_1068.jpg,0,0.780,0
bee_1069.jpg,0,0.885,0
bee_1070.jpg,0,0.770,0
bee_1071.jpg,1,0.642,1
bee_1072.jpg,0,0.794,0
bee_1073.jpg,1,0.973,1
bee_1074.jpg,0,0.706,0
bee_1075.jpg,1,0.621,4
bee_1076.jpg,0,0.889,0
bee_1077.jpg,0,0.777,0
bee_1078.jpg,1,0.731,2
bee_1079.jpg,1,0.790,1
bee_1080.jpg,1,0.963,3
bee_1081.jpg,1,0.698,3
bee_1082.jpg,0,0.678,0
bee_1083.jpg,1,0.808,1
bee_1084.jpg,0,0.781,0
bee_1085.jpg,0,0.658,0
bee_1086.jpg,0,0.826,0
bee_1087.jpg,0,0.824,0
bee_1088.jpg,0,0.836,0
bee_1089.jpg,0,0.761,0
bee_1090.jpg,1,0.713,3
bee_1091.jpg,0,0.728,0
bee_1092.jpg,1,0.925,4
bee_1093.jpg,0,0.844,0
bee_1094.jpg,0,0.755,0
bee_1095.jpg,0,0.839,0
bee_1096.jpg,1,0.736,2
bee_1097.jpg,0,0.936,0
bee_1098.jpg,0,0.884,0
bee_1099.jpg,0,0.639,0
bee_1100.jpg,0,0.622,0
bee_1101.jpg,1,0.613,3
bee_1102.jpg,0,0.611,0
bee_1103.jpg,1,0.794,2
bee_1104.jpg,0,0.671,0
bee_1105.jpg,1,0.863,4
bee_1106.jpg,0,0.788,0
bee_1107.jpg,0,0.636,0
bee_1108.jpg,0,0.602,0
bee_1109.jpg,1,0.614,1
bee_1110.jpg,1,0.808,3
bee_1111.jpg,1,0.829,2
bee_1112.jpg,0,0.738,0
bee_1113.jpg,0,0.631,0
bee_1114.jpg,0,0.965,0
bee_1115.jpg,0,0.758,0
bee_1116.jpg,1,0.767,2
bee_1117.jpg,0,0.749,0
bee_1118.jpg,1,0.623,3
bee_1119.jpg,0,0.877,0
bee_1120.jpg,0,0.859,0
bee_1121.jpg,0,0.664,0
bee_1122.jpg,0,0.705,0
bee_1123.jpg,0,0.813,0
bee_1124.jpg,1,0.747,4
bee_1125.jpg,1,0.989,1
bee_1126.jpg,0,0.794,0
bee_1127.jpg,0,0.944,0
bee_1128.jpg,0,0.680,0
bee_1129.jpg,0,0.817,0
bee_1130.jpg,1,0.726,1
bee_1131.jpg,0,0.964,0
bee_1132.jpg,0,0.815,0
bee_1133.jpg,0,0.855,0
bee_1134.jpg,1,0.630,2
bee_1135.jpg,1,0.790,3
bee_1136.jpg,0,0.826,0
bee_1137.jpg,0,0.713,0
bee_1138.jpg,0,0.887,0
bee_1139.jpg,1,0.782,3
bee_1140.jpg,0,0.819,0
bee_1141.jpg,1,0.741,4
bee_1142.jpg,0,0.864,0
bee_1143.jpg,0,0.640,0
bee_1144.jpg,0,0.797,0
bee_1145.jpg,0,0.949,0
bee_1146.jpg,0,0.692,0
bee_1147.jpg,0,0.939,0
bee_1148.jpg,1,0.945,3
bee_1149.jpg,1,0.690,3
bee_1150.jpg,0,0.631,0
bee_1151.jpg,0,0.898,0
bee_1152.jpg,0,0.974,0
bee_1153.jpg,1,0.700,3
bee_1154.jpg,1,0.956,3
bee_1155.jpg,1,0.681,4
bee_1156.jpg,0,0.740,0
bee_1157.jpg,0,0.946,0
bee_1158.jpg,0,0.719,0
bee_1159.jpg,0,0.895,0
bee_1160.jpg,0,0.657,0
bee_1161.jpg,0,0.748,0
bee_1162.jpg,1,0.967,1
bee_1163.jpg,1,0.688,3
bee_1164.jpg,0,0.874,0
bee_1165.jpg,1,0.959,3
bee_1166.jpg,0,0.906,0
bee_1167.jpg,0,0.970,0
bee_1168.jpg,0,0.968,0
bee_1169.jpg,1,0.644,4
bee_1170.jpg,0,0.835,0
bee_1171.jpg,0,0.766,0
bee_1172.jpg,0,0.866,0
bee_1173.jpg,0,0.890,0
bee_1174.jpg,0,0.696,0
bee_1175.jpg,0,0.912,0
bee_1176.jpg,0,0.760,0
bee_1177.jpg,0,0.856,0
bee_1178.jpg,0,0.767,0
bee_1179.jpg,0,0.735,0
bee_1180.jpg,0,0.871,0
bee_1181.jpg,1,0.811,4
bee_1182.jpg,0,0.933,0
bee_1183.jpg,0,0.907,0
bee_1184.jpg,1,0.939,2
bee_1185.jpg,1,0.899,1
bee_1186.jpg,0,0.958,0
bee_1187.jpg,0,0.661,0
bee_1188.jpg,0,0.850,0
bee_1189.jpg,1,0.632,2
bee_1190.jpg,0,0.795,0
bee_1191.jpg,0,0.936,0
bee_1192.jpg,0,0.883,0
bee_1193.jpg,0,0.827,0
bee_1194.jpg,1,0.871,2
bee_1195.jpg,0,0.668,0
bee_1196.jpg,0,0.963,0
bee_1197.jpg,0,0.683,0
bee_1198.jpg,0,0.665,0
bee_1199.jpg,1,0.655,3
bee_1200.jpg,0,0.965,0
bee_1201.jpg,0,0.780,0
bee_1202.jpg,0,0.808,0
bee_1203.jpg,0,0.748,0
bee_1204.jpg,0,0.611,0
bee_1205.jpg,0,0.626,0
bee_1206.jpg,0,0.606,0
bee_1207.jpg,0,0.810,0
bee_1208.jpg,1,0.675,1
bee_1209.jpg,1,0.757,4
bee_1210.jpg,0,0.780,0
bee_1211.jpg,0,0.808,0
bee_1212.jpg,1,0.948,1
bee_1213.jpg,0,0.617,0
bee_1214.jpg,0,0.793,0
bee_1215.jpg,0,0.651,0
bee_1216.jpg,1,0.961,2
bee_1217.jpg,0,0.958,0
bee_1218.jpg,1,0.655,4
bee_1219.jpg,0,0.646,0
bee_1220.jpg,0,0.643,0
bee_1221.jpg,1,0.638,3
bee_1222.jpg,1,0.662,2
bee_1223.jpg,0,0.661,0
bee_1224.jpg,0,0.664,0
bee_1225.jpg,0,0.658,0
bee_1226.jpg,0,0.747,0
bee_1227.jpg,0,0.699,0
bee_1228.jpg,0,0.763,0
bee_1229.jpg,0,0.949,0
bee_1230.jpg,0,0.737,0
bee_1231.jpg,0,0.712,0
bee_1232.jpg,0,0.957,0
bee_1233.jpg,0,0.725,0
bee_1234.jpg,0,0.648,0
bee_1235.jpg,1,0.841,1
bee_1236.jpg,0,0.710,0
bee_1237.jpg,0,0.803,0
bee_1238.jpg,1,0.900,1
bee_1239.jpg,0,0.821,0
bee_1240.jpg,1,0.915,1
bee_1241.jpg,1,0.734,3
bee_1242.jpg,0,0.666,0
bee_1243.jpg,0,0.754,0
bee_1244.jpg,0,0.761,0
bee_1245.jpg,0,0.879,0
bee_1246.jpg,1,0.868,1
bee_1247.jpg,0,0.721,0
bee_1248.jpg,1,0.962,1
bee_1249.jpg,0,0.707,0
bee_1250.jpg,0,0.989,0
bee_1251.jpg,1,0.613,1
bee_1252.jpg,0,0.863,0
bee_1253.jpg,1,0.842,4
bee_1254.jpg,0,0.828,0
bee_1255.jpg,1,0.904,1
bee_1256.jpg,1,0.830,1
bee_1257.jpg,1,0.838,2
bee_1258.jpg,0,0.942,0
bee_1259.jpg,0,0.673,0
bee_1260.jpg,0,0.807,0
bee_1261.jpg,1,0.878,2
bee_1262.jpg,1,0.720,3
bee_1263.jpg,0,0.686,0
bee_1264.jpg,0,0.650,0
bee_1265.jpg,0,0.702,0
bee_1266.jpg,0,0.860,0
bee_1267.jpg,0,0.840,0
bee_1268.jpg,0,0.667,0
bee_1269.jpg,1,0.792,1
bee_1270.jpg,1,0.683,3
bee_1271.jpg,0,0.965,0
bee_1272.jpg,0,0.882,0
bee_1273.jpg,1,0.668,4
bee_1274.jpg,1,0.713,3
bee_1275.jpg,0,0.933,0
bee_1276.jpg,0,0.817,0
bee_1277.jpg,1,0.739,3
bee_1278.jpg,1,0.833,2
bee_1279.jpg,0,0.752,0
bee_1280.jpg,0,0.955,0
bee_1281.jpg,1,0.941,4
bee_1282.jpg,1,0.663,3
bee_1283.jpg,0,0.864,0
bee_1284.jpg,0,0.927,0
bee_1285.jpg,0,0.682,0
bee_1286.jpg,1,0.940,2
bee_1287.jpg,1,0.764,3
bee_1288.jpg,0,0.720,0
bee_1289.jpg,0,0.984,0
bee_1290.jpg,1,0.868,4
bee_1291.jpg,0,0.713,0
bee_1292.jpg,1,0.807,2
bee_1293.jpg,0,0.851,0
bee_1294.jpg,1,0.878,4
bee_1295.jpg,0,0.682,0
bee_1296.jpg,0,0.840,0
bee_1297.jpg,1,0.930,3
bee_1298.jpg,0,0.913,0
bee_1299.jpg,0,0.715,0
bee_1300.jpg,1,0.978,4
bee_1301.jpg,0,0.605,0
bee_1302.jpg,0,0.904,0
bee_1303.jpg,1,0.724,1
bee_1304.jpg,0,0.967,0
bee_1305.jpg,1,0.936,3
bee_1306.jpg,1,0.944,2
bee_1307.jpg,1,0.698,1
bee_1308.jpg,1,0.911,3
bee_1309.jpg,1,0.730,1
bee_1310.jpg,1,0.774,4
bee_1311.jpg,0,0.953,0
bee_1312.jpg,1,0.881,2
bee_1313.jpg,0,0.850,0
bee_1314.jpg,0,0.650,0
bee_1315.jpg,0,0.810,0
bee_1316.jpg,0,0.648,0
bee_1317.jpg,0,0.629,0
bee_1318.jpg,0,0.969,0
bee_1319.jpg,1,0.831,3
bee_1320.jpg,0,0.602,0
bee_1321.jpg,0,0.783,0
bee_1322.jpg,0,0.712,0
bee_1323.jpg,0,0.660,0
bee_1324.jpg,0,0.919,0
bee_1325.jpg,1,0.660,4
bee_1326.jpg,0,0.665,0
bee_1327.jpg,1,0.691,4
bee_1328.jpg,1,0.878,3
bee_1329.jpg,0,0.674,0
bee_1330.jpg,0,0.725,0
bee_1331.jpg,0,0.952,0
bee_1332.jpg,0,0.820,0
bee_1333.jpg,1,0.667,2
bee_1334.jpg,0,0.935,0
bee_1335.jpg,1,0.800,4
bee_1336.jpg,0,0.925,0
bee_1337.jpg,0,0.631,0
bee_1338.jpg,1,0.663,2
bee_1339.jpg,0,0.636,0
bee_1340.jpg,1,0.788,1
bee_1341.jpg,0,0.751,0
bee_1342.jpg,0,0.762,0
bee_1343.jpg,1,0.743,3
bee_1344.jpg,0,0.765,0
bee_1345.jpg,1,0.749,2
bee_1346.jpg,0,0.662,0
bee_1347.jpg,0,0.822,0
bee_1348.jpg,1,0.939,1
bee_1349.jpg,0,0.988,0
bee_1350.jpg,0,0.646,0
bee_1351.jpg,0,0.760,0
bee_1352.jpg,0,0.694,0
bee_1353.jpg,0,0.821,0
bee_1354.jpg,0,0.741,0
bee_1355.jpg,1,0.942,2
bee_1356.jpg,1,0.965,2
bee_1357.jpg,0,0.727,0
bee_1358.jpg,0,0.739,0
bee_1359.jpg,0,0.809,0
bee_1360.jpg,0,0.848,0
bee_1361.jpg,1,0.893,4
bee_1362.jpg,0,0.639,0
bee_1363.jpg,0,0.620,0
bee_1364.jpg,0,0.865,0
bee_1365.jpg,0,0.787,0
bee_1366.jpg,0,0.862,0
bee_1367.jpg,0,0.718,0
bee_1368.jpg,0,0.667,0
bee_1369.jpg,0,0.643,0
bee_1370.jpg,0,0.907,0
bee_1371.jpg,1,0.757,1
bee_1372.jpg,0,0.632,0
bee_1373.jpg,0,0.696,0
bee_1374.jpg,0,0.936,0
bee_1375.jpg,1,0.788,2
bee_1376.jpg,0,0.933,0
bee_1377.jpg,0,0.969,0
bee_1378.jpg,1,0.626,4
bee_1379.jpg,0,0.968,0
bee_1380.jpg,0,0.745,0
bee_1381.jpg,0,0.872,0
bee_1382.jpg,1,0.757,2
bee_1383.jpg,0,0.840,0
bee_1384.jpg,0,0.861,0
bee_1385.jpg,0,0.652,0
bee_1386.jpg,0,0.768,0
bee_1387.jpg,0,0.681,0
bee_1388.jpg,0,0.647,0
bee_1389.jpg,0,0.831,0
bee_1390.jpg,1,0.865,4
bee_1391.jpg,0,0.700,0
bee_1392.jpg,1,0.603,4
bee_1393.jpg,0,0.979,0
bee_1394.jpg,0,0.785,0
bee_1395.jpg,0,0.854,0
bee_1396.jpg,0,0.629,0
bee_1397.jpg,0,0.842,0
bee_1398.jpg,0,0.897,0
bee_1399.jpg,0,0.618,0
bee_1400.jpg,1,0.804,3
bee_1401.jpg,1,0.655,3
bee_1402.jpg,0,0.657,0
bee_1403.jpg,0,0.840,0
bee_1404.jpg,0,0.842,0
bee_1405.jpg,0,0.816,0
bee_1406.jpg,0,0.799,0
bee_1407.jpg,1,0.783,2
bee_1408.jpg,0,0.788,0
bee_1409.jpg,1,0.730,1
bee_1410.jpg,0,0.700,0
bee_1411.jpg,0,0.704,0
bee_1412.jpg,0,0.954,0
bee_1413.jpg,0,0.704,0
bee_1414.jpg,0,0.746,0
bee_1415.jpg,0,0.797,0
bee_1416.jpg,1,0.890,4
bee_1417.jpg,0,0.903,0
bee_1418.jpg,1,0.881,4
bee_1419.jpg,0,0.718,0
bee_1420.jpg,1,0.664,1
bee_1421.jpg,1,0.919,4
bee_1422.jpg,0,0.941,0
bee_1423.jpg,0,0.956,0
bee_1424.jpg,0,0.935,0
bee_1425.jpg,0,0.741,0
bee_1426.jpg,0,0.660,0
bee_1427.jpg,0,0.861,0
bee_1428.jpg,1,0.853,3
bee_1429.jpg,0,0.697,0
bee_1430.jpg,1,0.842,4
bee_1431.jpg,0,0.989,0
bee_1432.jpg,0,0.666,0
bee_1433.jpg,0,0.748,0
bee_1434.jpg,1,0.753,2
bee_1435.jpg,0,0.683,0
bee_1436.jpg,0,0.907,0
bee_1437.jpg,0,0.876,0
bee_1438.jpg,0,0.685,0
bee_1439.jpg,0,0.935,0
bee_1440.jpg,1,0.766,4
bee_1441.jpg,0,0.815,0
bee_1442.jpg,0,0.867,0
bee_1443.jpg,0,0.941,0
bee_1444.jpg,0,0.688,0
bee_1445.jpg,0,0.831,0
bee_1446.jpg,0,0.862,0
bee_1447.jpg,1,0.946,4
bee_1448.jpg,0,0.901,0
bee_1449.jpg,0,0.957,0
bee_1450.jpg,0,0.629,0
bee_1451.jpg,0,0.766,0
bee_1452.jpg,1,0.719,4
bee_1453.jpg,1,0.794,1
bee_1454.jpg,1,0.916,4
bee_1455.jpg,1,0.792,2
bee_1456.jpg,1,0.614,2
bee_1457.jpg,0,0.862,0
bee_1458.jpg,0,0.604,0
bee_1459.jpg,0,0.638,0
bee_1460.jpg,1,0.884,3
bee_1461.jpg,1,0.924,3
bee_1462.jpg,0,0.724,0
bee_1463.jpg,0,0.822,0
bee_1464.jpg,0,0.813,0
bee_1465.jpg,0,0.622,0
bee_1466.jpg,1,0.812,1
bee_1467.jpg,0,0.604,0
bee_1468.jpg,0,0.920,0
bee_1469.jpg,0,0.892,0
bee_1470.jpg,0,0.711,0
bee_1471.jpg,1,0.702,1
bee_1472.jpg,1,0.674,4
bee_1473.jpg,0,0.972,0
bee_1474.jpg,0,0.930,0
bee_1475.jpg,1,0.927,1
bee_1476.jpg,0,0.782,0
bee_1477.jpg,0,0.916,0
bee_1478.jpg,1,0.831,1
bee_1479.jpg,0,0.717,0
bee_1480.jpg,1,0.768,3
bee_1481.jpg,0,0.760,0
bee_1482.jpg,0,0.737,0
bee_1483.jpg,0,0.694,0
bee_1484.jpg,0,0.755,0
bee_1485.jpg,0,0.834,0
bee_1486.jpg,1,0.677,1
bee_1487.jpg,0,0.655,0
bee_1488.jpg,0,0.869,0
bee_1489.jpg,0,0.805,0
bee_1490.jpg,1,0.737,2
bee_1491.jpg,1,0.954,2
bee_1492.jpg,0,0.780,0
bee_1493.jpg,0,0.729,0
bee_1494.jpg,0,0.684,0
bee_1495.jpg,1,0.726,3
bee_1496.jpg,1,0.707,1
bee_1497.jpg,0,0.938,0
bee_1498.jpg,0,0.948,0
bee_1499.jpg,0,0.761,0
bee_1500.jpg,1,0.702,4
bee_1501.jpg,0,0.651,0
bee_1502.jpg,0,0.879,0
bee_1503.jpg,1,0.943,4
bee_1504.jpg,0,0.760,0
bee_1505.jpg,1,0.941,3
bee_1506.jpg,0,0.697,0
bee_1507.jpg,1,0.837,3
bee_1508.jpg,0,0.632,0
bee_1509.jpg,0,0.820,0
bee_1510.jpg,0,0.849,0
bee_1511.jpg,0,0.851,0
bee_1512.jpg,0,0.904,0
bee_1513.jpg,1,0.637,2
bee_1514.jpg,0,0.709,0
bee_1515.jpg,0,0.870,0
bee_1516.jpg,0,0.831,0
bee_1517.jpg,0,0.970,0
bee_1518.jpg,0,0.906,0
bee_1519.jpg,0,0.784,0
bee_1520.jpg,1,0.808,3
bee_1521.jpg,0,0.857,0
bee_1522.jpg,0,0.604,0
bee_1523.jpg,0,0.742,0
bee_1524.jpg,0,0.648,0
bee_1525.jpg,0,0.693,0
bee_1526.jpg,0,0.924,0
bee_1527.jpg,0,0.814,0
bee_1528.jpg,0,0.936,0
bee_1529.jpg,0,0.947,0
bee_1530.jpg,0,0.914,0
bee_1531.jpg,0,0.897,0
bee_1532.jpg,1,0.665,1
bee_1533.jpg,1,0.705,4
bee_1534.jpg,0,0.875,0
bee_1535.jpg,0,0.717,0
bee_1536.jpg,1,0.746,3
bee_1537.jpg,0,0.965,0
bee_1538.jpg,1,0.875,4
bee_1539.jpg,0,0.642,0
bee_1540.jpg,0,0.881,0
bee_1541.jpg,0,0.910,0
bee_1542.jpg,0,0.956,0
bee_1543.jpg,0,0.867,0
bee_1544.jpg,0,0.637,0
bee_1545.jpg,0,0.898,0
bee_1546.jpg,0,0.856,0
bee_1547.jpg,1,0.778,2
bee_1548.jpg,0,0.897,0
bee_1549.jpg,0,0.805,0
bee_1550.jpg,0,0.964,0
bee_1551.jpg,1,0.963,4
bee_1552.jpg,0,0.688,0
bee_1553.jpg,0,0.772,0
bee_1554.jpg,1,0.677,2
bee_1555.jpg,0,0.729,0
bee_1556.jpg,0,0.687,0
bee_1557.jpg,1,0.800,1
bee_1558.jpg,0,0.600,0
bee_1559.jpg,0,0.909,0
bee_1560.jpg,0,0.662,0
bee_1561.jpg,0,0.707,0
bee_1562.jpg,0,0.668,0
bee_1563.jpg,0,0.738,0
bee_1564.jpg,1,0.630,3
bee_1565.jpg,0,0.935,0
bee_1566.jpg,0,0.762,0
bee_1567.jpg,0,0.960,0
bee_1568.jpg,0,0.618,0
bee_1569.jpg,0,0.667,0
bee_1570.jpg,0,0.926,0
bee_1571.jpg,0,0.781,0
bee_1572.jpg,1,0.623,4
bee_1573.jpg,0,0.618,0
bee_1574.jpg,0,0.949,0
bee_1575.jpg,1,0.702,4
bee_1576.jpg,0,0.760,0
bee_1577.jpg,0,0.950,0
bee_1578.jpg,1,0.860,2
bee_1579.jpg,0,0.900,0
bee_1580.jpg,0,0.784,0
bee_1581.jpg,0,0.871,0
bee_1582.jpg,0,0.828,0
bee_1583.jpg,0,0.666,0
bee_1584.jpg,0,0.823,0
bee_1585.jpg,1,0.961,4
bee_1586.jpg,1,0.735,4
bee_1587.jpg,0,0.793,0
bee_1588.jpg,0,0.762,0
bee_1589.jpg,0,0.869,0
bee_1590.jpg,0,0.845,0
bee_1591.jpg,0,0.786,0
bee_1592.jpg,0,0.618,0
bee_1593.jpg,1,0.703,2
bee_1594.jpg,1,0.723,3
bee_1595.jpg,1,0.886,3
bee_1596.jpg,0,0.755,0
bee_1597.jpg,0,0.748,0
bee_1598.jpg,0,0.774,0
bee_1599.jpg,0,0.768,0
bee_1600.jpg,0,0.880,0
bee_1601.jpg,1,0.861,3
bee_1602.jpg,0,0.898,0
bee_1603.jpg,0,0.681,0
bee_1604.jpg,1,0.889,2
bee_1605.jpg,0,0.716,0
bee_1606.jpg,0,0.600,0
bee_1607.jpg,0,0.849,0
bee_1608.jpg,0,0.605,0
bee_1609.jpg,0,0.638,0
bee_1610.jpg,0,0.616,0
bee_1611.jpg,0,0.836,0
bee_1612.jpg,0,0.681,0
bee_1613.jpg,0,0.916,0
bee_1614.jpg,0,0.739,0
bee_1615.jpg,1,0.731,1
bee_1616.jpg,1,0.801,1
bee_1617.jpg,0,0.902,0
bee_1618.jpg,0,0.872,0
bee_1619.jpg,1,0.681,4
bee_1620.jpg,0,0.898,0
bee_1621.jpg,0,0.798,0
bee_1622.jpg,0,0.985,0
bee_1623.jpg,1,0.802,2
bee_1624.jpg,0,0.712,0
bee_1625.jpg,0,0.897,0
bee_1626.jpg,0,0.611,0
bee_1627.jpg,1,0.883,4
bee_1628.jpg,0,0.812,0
bee_1629.jpg,0,0.669,0
bee_1630.jpg,1,0.609,4
bee_1631.jpg,0,0.618,0
bee_1632.jpg,0,0.632,0
bee_1633.jpg,1,0.790,3
bee_1634.jpg,1,0.876,1
bee_1635.jpg,1,0.652,3
bee_1636.jpg,0,0.662,0
bee_1637.jpg,0,0.917,0
bee_1638.jpg,0,0.689,0
bee_1639.jpg,1,0.923,2
bee_1640.jpg,1,0.637,3
bee_1641.jpg,1,0.926,4
bee_1642.jpg,0,0.886,0
bee_1643.jpg,0,0.658,0
bee_1644.jpg,0,0.732,0
bee_1645.jpg,1,0.730,1
bee_1646.jpg,0,0.652,0
bee_1647.jpg,0,0.747,0
bee_1648.jpg,0,0.864,0
bee_1649.jpg,0,0.885,0
bee_1650.jpg,1,0.679,3
bee_1651.jpg,0,0.881,0
bee_1652.jpg,1,0.704,4
bee_1653.jpg,0,0.617,0
bee_1654.jpg,0,0.676,0
bee_1655.jpg,0,0.733,0
bee_1656.jpg,0,0.614,0
bee_1657.jpg,1,0.637,1
bee_1658.jpg,0,0.739,0
bee_1659.jpg,1,0.961,4
bee_1660.jpg,0,0.848,0
bee_1661.jpg,1,0.964,3
bee_1662.jpg,0,0.615,0
bee_1663.jpg,1,0.939,3
bee_1664.jpg,0,0.653,0
bee_1665.jpg,0,0.692,0
bee_1666.jpg,1,0.639,2
bee_1667.jpg,0,0.760,0
bee_1668.jpg,0,0.679,0
bee_1669.jpg,0,0.888,0
bee_1670.jpg,0,0.894,0
bee_1671.jpg,0,0.713,0
bee_1672.jpg,0,0.912,0
bee_1673.jpg,1,0.664,1
bee_1674.jpg,0,0.616,0
bee_1675.jpg,0,0.664,0
bee_1676.jpg,1,0.696,3
bee_1677.jpg,0,0.620,0
bee_1678.jpg,0,0.643,0
bee_1679.jpg,0,0.718,0
bee_1680.jpg,0,0.932,0
bee_1681.jpg,0,0.934,0
bee_1682.jpg,0,0.987,0
bee_1683.jpg,0,0.638,0
bee_1684.jpg,0,0.601,0
bee_1685.jpg,1,0.821,2
bee_1686.jpg,0,0.835,0
bee_1687.jpg,1,0.692,4
bee_1688.jpg,0,0.911,0
bee_1689.jpg,0,0.973,0
bee_1690.jpg,0,0.729,0
bee_1691.jpg,0,0.969,0
bee_1692.jpg,0,0.641,0
bee_1693.jpg,0,0.785,0
bee_1694.jpg,0,0.677,0
bee_1695.jpg,0,0.828,0
bee_1696.jpg,0,0.628,0
bee_1697.jpg,0,0.797,0
bee_1698.jpg,0,0.668,0
bee_1699.jpg,1,0.763,3
bee_1700.jpg,0,0.868,0
bee_1701.jpg,0,0.730,0
bee_1702.jpg,0,0.811,0
bee_1703.jpg,1,0.979,1
bee_1704.jpg,0,0.941,0
bee_1705.jpg,1,0.989,1
bee_1706.jpg,1,0.669,3
bee_1707.jpg,0,0.793,0
bee_1708.jpg,1,0.906,4
bee_1709.jpg,0,0.962,0
bee_1710.jpg,0,0.694,0
bee_1711.jpg,1,0.985,3
bee_1712.jpg,0,0.772,0
bee_1713.jpg,1,0.901,1
bee_1714.jpg,0,0.802,0
bee_1715.jpg,0,0.716,0
bee_1716.jpg,1,0.642,3
bee_1717.jpg,0,0.663,0
bee_1718.jpg,0,0.852,0
bee_1719.jpg,1,0.816,2
bee_1720.jpg,0,0.769,0
bee_1721.jpg,0,0.844,0
bee_1722.jpg,0,0.798,0
bee_1723.jpg,1,0.655,1
bee_1724.jpg,0,0.702,0
bee_1725.jpg,0,0.768,0
bee_1726.jpg,0,0.755,0
bee_1727.jpg,0,0.952,0
bee_1728.jpg,0,0.967,0
bee_1729.jpg,0,0.808,0
bee_1730.jpg,0,0.704,0
bee_1731.jpg,0,0.912,0
bee_1732.jpg,0,0.671,0
bee_1733.jpg,1,0.792,2
bee_1734.jpg,1,0.988,1
bee_1735.jpg,0,0.941,0
bee_1736.jpg,1,0.963,2
bee_1737.jpg,0,0.638,0
bee_1738.jpg,0,0.780,0
bee_1739.jpg,0,0.900,0
bee_1740.jpg,0,0.661,0
bee_1741.jpg,1,0.900,4
bee_1742.jpg,0,0.733,0
bee_1743.jpg,0,0.946,0
bee_1744.jpg,0,0.763,0
bee_1745.jpg,0,0.698,0
bee_1746.jpg,0,0.958,0
bee_1747.jpg,0,0.878,0
bee_1748.jpg,0,0.781,0
bee_1749.jpg,1,0.975,1
bee_1750.jpg,0,0.835,0
bee_1751.jpg,1,0.829,2
bee_1752.jpg,0,0.741,0
bee_1753.jpg,0,0.926,0
bee_1754.jpg,0,0.828,0
bee_1755.jpg,1,0.842,3
bee_1756.jpg,0,0.965,0
bee_1757.jpg,0,0.705,0
bee_1758.jpg,0,0.908,0
bee_1759.jpg,0,0.916,0
bee_1760.jpg,0,0.625,0
bee_1761.jpg,0,0.882,0
bee_1762.jpg,1,0.924,2
bee_1763.jpg,0,0.809,0
bee_1764.jpg,0,0.643,0
bee_1765.jpg,1,0.631,1
bee_1766.jpg,1,0.609,3
bee_1767.jpg,0,0.743,0
bee_1768.jpg,0,0.842,0
bee_1769.jpg,0,0.822,0
bee_1770.jpg,0,0.799,0
bee_1771.jpg,0,0.763,0
bee_1772.jpg,0,0.866,0
bee_1773.jpg,0,0.944,0
bee_1774.jpg,0,0.922,0
bee_1775.jpg,0,0.879,0
bee_1776.jpg,1,0.714,3
bee_1777.jpg,1,0.967,2
bee_1778.jpg,0,0.936,0
bee_1779.jpg,0,0.970,0
bee_1780.jpg,1,0.841,3
bee_1781.jpg,0,0.730,0
bee_1782.jpg,0,0.776,0
bee_1783.jpg,1,0.728,3
bee_1784.jpg,1,0.737,2
bee_1785.jpg,1,0.766,1
bee_1786.jpg,0,0.965,0
bee_1787.jpg,0,0.794,0
bee_1788.jpg,0,0.758,0
bee_1789.jpg,0,0.849,0
bee_1790.jpg,1,0.712,1
bee_1791.jpg,0,0.603,0
bee_1792.jpg,0,0.885,0
bee_1793.jpg,1,0.730,1
bee_1794.jpg,0,0.693,0
bee_1795.jpg,0,0.809,0
bee_1796.jpg,0,0.663,0
bee_1797.jpg,0,0.708,0
bee_1798.jpg,0,0.800,0
bee_1799.jpg,0,0.980,0
bee_1800.jpg,1,0.695,4
bee_1801.jpg,1,0.782,3
bee_1802.jpg,0,0.806,0
bee_1803.jpg,0,0.878,0
bee_1804.jpg,0,0.804,0
bee_1805.jpg,0,0.886,0
bee_1806.jpg,0,0.937,0
bee_1807.jpg,0,0.710,0
bee_1808.jpg,0,0.926,0
bee_1809.jpg,1,0.702,3
bee_1810.jpg,1,0.916,4
bee_1811.jpg,1,0.848,3
bee_1812.jpg,1,0.822,4
bee_1813.jpg,0,0.781,0
bee_1814.jpg,0,0.813,0
bee_1815.jpg,1,0.691,2
bee_1816.jpg,0,0.794,0
bee_1817.jpg,0,0.837,0
bee_1818.jpg,0,0.749,0
bee_1819.jpg,0,0.749,0
bee_1820.jpg,0,0.735,0
bee_1821.jpg,0,0.919,0
bee_1822.jpg,0,0.750,0
bee_1823.jpg,0,0.826,0
bee_1824.jpg,0,0.979,0
bee_1825.jpg,0,0.612,0
bee_1826.jpg,0,0.686,0
bee_1827.jpg,0,0.961,0
bee_1828.jpg,1,0.880,3
bee_1829.jpg,0,0.747,0
bee_1830.jpg,0,0.635,0
bee_1831.jpg,0,0.800,0
bee_1832.jpg,1,0.906,3
bee_1833.jpg,0,0.765,0
bee_1834.jpg,1,0.929,3
bee_1835.jpg,1,0.713,4
bee_1836.jpg,0,0.793,0
bee_1837.jpg,0,0.635,0
bee_1838.jpg,0,0.805,0
bee_1839.jpg,0,0.936,0
bee_1840.jpg,0,0.659,0
bee_1841.jpg,0,0.838,0
bee_1842.jpg,0,0.723,0
bee_1843.jpg,0,0.738,0
bee_1844.jpg,0,0.603,0
bee_1845.jpg,0,0.808,0
bee_1846.jpg,0,0.984,0
bee_1847.jpg,0,0.657,0
bee_1848.jpg,0,0.691,0
bee_1849.jpg,0,0.688,0
bee_1850.jpg,0,0.819,0
bee_1851.jpg,0,0.674,0
bee_1852.jpg,1,0.971,2
bee_1853.jpg,0,0.872,0
bee_1854.jpg,0,0.844,0
bee_1855.jpg,0,0.602,0
bee_1856.jpg,0,0.784,0
bee_1857.jpg,0,0.916,0
bee_1858.jpg,0,0.798,0
bee_1859.jpg,1,0.888,4
bee_1860.jpg,1,0.866,3
bee_1861.jpg,1,0.962,1
bee_1862.jpg,1,0.743,4
bee_1863.jpg,0,0.922,0
bee_1864.jpg,1,0.702,1
bee_1865.jpg,0,0.817,0
bee_1866.jpg,0,0.841,0
bee_1867.jpg,0,0.773,0
bee_1868.jpg,1,0.640,4
bee_1869.jpg,0,0.769,0
bee_1870.jpg,0,0.677,0
bee_1871.jpg,0,0.790,0
bee_1872.jpg,0,0.608,0
bee_1873.jpg,0,0.789,0
bee_1874.jpg,1,0.747,2
bee_1875.jpg,0,0.605,0
bee_1876.jpg,0,0.843,0
bee_1877.jpg,0,0.722,0
bee_1878.jpg,1,0.827,2
bee_1879.jpg,0,0.946,0
bee_1880.jpg,1,0.937,4
bee_1881.jpg,0,0.796,0
bee_1882.jpg,1,0.784,3
bee_1883.jpg,0,0.808,0
bee_1884.jpg,1,0.752,2
bee_1885.jpg,1,0.715,3
bee_1886.jpg,1,0.661,1
bee_1887.jpg,1,0.957,4
bee_1888.jpg,0,0.624,0
bee_1889.jpg,0,0.735,0
bee_1890.jpg,0,0.665,0
bee_1891.jpg,0,0.624,0
bee_1892.jpg,0,0.667,0
bee_1893.jpg,1,0.778,3
bee_1894.jpg,0,0.818,0
bee_1895.jpg,0,0.949,0
bee_1896.jpg,1,0.867,3
bee_1897.jpg,1,0.913,2
bee_1898.jpg,0,0.816,0
bee_1899.jpg,1,0.678,4
bee_1900.jpg,1,0.931,4
bee_1901.jpg,0,0.785,0
bee_1902.jpg,0,0.901,0
bee_1903.jpg,0,0.602,0
bee_1904.jpg,0,0.774,0
bee_1905.jpg,0,0.732,0
bee_1906.jpg,1,0.716,3
bee_1907.jpg,0,0.863,0
bee_1908.jpg,1,0.922,4
bee_1909.jpg,0,0.937,0
bee_1910.jpg,0,0.912,0
bee_1911.jpg,0,0.917,0
bee_1912.jpg,0,0.926,0
bee_1913.jpg,0,0.870,0
bee_1914.jpg,0,0.896,0
bee_1915.jpg,0,0.686,0
bee_1916.jpg,0,0.973,0
bee_1917.jpg,1,0.796,3
bee_1918.jpg,0,0.702,0
bee_1919.jpg,0,0.777,0
bee_1920.jpg,1,0.921,4
bee_1921.jpg,0,0.870,0
bee_1922.jpg,0,0.660,0
bee_1923.jpg,0,0.771,0
bee_1924.jpg,0,0.895,0
bee_1925.jpg,0,0.871,0
bee_1926.jpg,0,0.674,0
bee_1927.jpg,1,0.890,1
bee_1928.jpg,1,0.863,4
bee_1929.jpg,0,0.695,0
bee_1930.jpg,1,0.720,3
bee_1931.jpg,1,0.764,3
bee_1932.jpg,0,0.863,0
bee_1933.jpg,0,0.971,0
bee_1934.jpg,1,0.988,3
bee_1935.jpg,0,0.869,0
bee_1936.jpg,1,0.761,2
bee_1937.jpg,0,0.627,0
bee_1938.jpg,0,0.831,0
bee_1939.jpg,0,0.788,0
bee_1940.jpg,1,0.862,1
bee_1941.jpg,0,0.976,0
bee_1942.jpg,0,0.665,0
bee_1943.jpg,0,0.745,0
bee_1944.jpg,0,0.825,0
bee_1945.jpg,0,0.737,0
bee_1946.jpg,1,0.669,2
bee_1947.jpg,0,0.833,0
bee_1948.jpg,0,0.615,0
bee_1949.jpg,0,0.747,0
bee_1950.jpg,1,0.979,3
bee_1951.jpg,0,0.787,0
bee_1952.jpg,0,0.640,0
bee_1953.jpg,0,0.925,0
bee_1954.jpg,1,0.670,4
bee_1955.jpg,1,0.698,2
bee_1956.jpg,0,0.975,0
bee_1957.jpg,0,0.902,0
bee_1958.jpg,0,0.726,0
bee_1959.jpg,0,0.852,0
bee_1960.jpg,0,0.790,0
bee_1961.jpg,0,0.948,0
bee_1962.jpg,0,0.819,0
bee_1963.jpg,0,0.858,0
bee_1964.jpg,0,0.658,0
bee_1965.jpg,0,0.697,0
bee_1966.jpg,1,0.610,1
bee_1967.jpg,0,0.829,0
bee_1968.jpg,0,0.819,0
bee_1969.jpg,0,0.720,0
bee_1970.jpg,0,0.691,0
bee_1971.jpg,0,0.777,0
bee_1972.jpg,1,0.640,4
bee_1973.jpg,1,0.933,3
bee_1974.jpg,0,0.924,0
bee_1975.jpg,0,0.832,0
bee_1976.jpg,1,0.952,1
bee_1977.jpg,1,0.839,3
bee_1978.jpg,1,0.791,4
bee_1979.jpg,1,0.834,2
bee_1980.jpg,1,0.633,4
bee_1981.jpg,0,0.685,0
bee_1982.jpg,0,0.818,0
bee_1983.jpg,1,0.644,1
bee_1984.jpg,1,0.916,3
bee_1985.jpg,0,0.666,0
bee_1986.jpg,1,0.763,2
bee_1987.jpg,1,0.789,2
bee_1988.jpg,1,0.662,2
bee_1989.jpg,0,0.694,0
bee_1990.jpg,1,0.789,2
bee_1991.jpg,0,0.642,0
bee_1992.jpg,0,0.673,0
bee_1993.jpg,0,0.609,0
bee_1994.jpg,0,0.798,0
bee_1995.jpg,0,0.921,0
bee_1996.jpg,0,0.916,0
bee_1997.jpg,0,0.738,0
bee_1998.jpg,0,0.868,0
bee_1999.jpg,1,0.986,2
