boxes,flora_factor,season_f,health_f,yield_kg
21,4.00,0.85,0.45,31.99
26,5.00,1.00,0.45,57.55
5,7.00,0.70,0.45,13.07
43,6.50,1.00,0.45,127.89
7,4.00,1.00,0.45,8.01
43,6.50,0.70,0.45,90.66
38,6.50,0.70,0.45,76.28
47,4.00,0.85,0.45,72.50
2,5.00,1.00,0.45,2.15
11,5.50,1.00,0.75,46.30
3,7.00,0.70,0.75,17.40
21,4.00,0.70,0.45,26.78
45,4.00,0.70,0.75,93.35
38,5.00,0.70,0.45,59.27
35,6.50,1.00,0.45,98.70
42,6.50,0.70,0.45,89.62
1,7.00,0.85,0.45,3.46
39,4.00,0.70,0.45,46.52
16,4.00,0.85,0.45,21.94
34,7.00,0.70,0.45,75.01
38,5.50,0.70,0.45,68.16
34,4.00,0.70,0.75,68.52
21,5.00,0.85,0.75,69.72
30,7.00,1.00,0.45,94.27
23,4.00,0.85,0.45,32.86
31,5.50,0.85,0.75,107.52
23,5.00,1.00,0.45,56.12
20,6.50,0.70,0.45,37.48
10,5.00,1.00,0.45,20.67
19,7.00,0.85,0.45,53.25
36,4.00,0.70,0.45,45.90
43,4.00,0.70,0.45,52.20
6,6.50,0.85,0.75,27.27
9,5.50,0.70,0.45,18.12
25,7.00,0.70,0.45,55.95
35,7.00,1.00,0.45,108.72
9,6.50,0.70,0.45,17.28
16,4.00,0.85,0.45,25.19
3,6.50,0.85,0.45,4.18
3,5.50,1.00,0.45,10.74
8,7.00,0.85,0.45,25.67
36,7.00,0.70,1.00,175.81
43,5.00,0.70,0.45,68.62
25,6.50,0.70,0.45,54.15
9,7.00,0.70,0.75,37.96
46,7.00,0.85,0.45,127.06
14,5.50,0.70,1.00,49.56
8,7.00,1.00,0.75,41.21
7,5.00,0.70,0.45,12.28
18,5.00,1.00,0.45,39.26
37,7.00,0.85,0.45,103.52
20,5.50,0.70,0.45,38.72
22,5.50,0.70,0.45,36.08
17,7.00,0.70,0.75,62.07
47,6.50,0.70,0.45,94.36
34,5.50,0.85,0.45,71.04
33,5.50,1.00,0.45,81.11
22,4.00,0.70,0.45,30.11
27,5.00,0.85,0.45,49.42
44,5.00,0.70,0.45,62.76
33,6.50,0.85,0.75,132.73
40,5.00,0.70,0.45,60.43
2,5.00,0.85,0.45,2.19
43,4.00,1.00,0.45,77.87
47,4.00,1.00,0.45,81.90
33,6.50,0.70,1.00,147.12
47,5.50,0.70,0.75,133.39
28,5.00,1.00,0.45,60.21
14,5.00,0.70,0.45,20.66
30,5.00,0.70,0.45,45.76
31,5.50,0.85,0.75,110.42
8,7.00,0.70,0.45,15.17
10,7.00,1.00,0.45,30.61
15,4.00,0.85,1.00,49.64
27,5.50,0.85,0.45,58.82
8,4.00,0.85,0.45,11.85
38,5.50,1.00,0.45,96.68
6,5.50,0.85,0.45,9.74
47,6.50,0.85,0.45,116.73
34,5.50,1.00,0.45,82.71
17,5.50,0.85,0.45,32.70
19,6.50,0.85,0.45,47.07
34,7.00,0.70,0.45,79.30
5,6.50,0.85,0.75,18.59
36,6.50,0.85,0.45,89.19
28,5.00,0.85,0.75,85.97
11,7.00,0.85,0.45,25.80
44,5.00,1.00,0.45,97.03
31,4.00,0.70,0.45,37.94
9,5.00,0.85,0.75,27.67
33,4.00,0.85,0.45,49.92
21,5.50,1.00,0.45,47.85
38,5.00,0.70,1.00,131.44
25,7.00,0.85,0.45,68.19
49,6.50,1.00,0.75,235.48
46,5.00,1.00,0.45,102.61
2,5.00,0.85,0.75,7.11
21,5.50,0.70,0.45,34.43
10,6.50,1.00,0.75,49.60
23,6.50,1.00,0.45,63.47
8,7.00,0.85,0.45,23.64
27,5.50,0.85,0.75,95.58
8,7.00,0.70,0.75,29.54
31,6.50,0.70,0.45,66.28
23,5.50,0.85,0.45,47.56
49,5.50,0.85,0.45,101.54
44,5.50,0.85,0.45,96.00
30,4.00,0.85,0.45,50.50
22,5.50,1.00,0.45,52.72
36,4.00,0.85,0.75,91.52
33,7.00,0.70,0.45,75.38
7,7.00,0.85,0.45,18.55
19,5.00,0.85,0.45,37.82
49,4.00,0.70,0.45,63.69
16,5.50,1.00,0.45,38.19
1,5.50,1.00,0.75,5.17
41,4.00,0.70,0.45,51.64
46,7.00,0.70,0.45,98.39
33,4.00,0.85,0.45,48.02
32,6.50,0.70,0.45,63.89
18,5.00,0.85,0.45,36.75
18,7.00,0.70,0.45,42.09
45,6.50,1.00,0.45,133.50
43,6.50,0.70,0.45,89.14
25,7.00,1.00,0.45,79.78
16,6.50,1.00,1.00,104.69
10,4.00,0.70,0.45,13.62
1,6.50,1.00,0.45,4.11
24,7.00,0.85,0.75,103.59
28,6.50,0.70,0.45,55.35
34,4.00,0.70,1.00,92.63
40,4.00,0.85,0.45,63.97
18,5.00,1.00,0.75,71.64
9,7.00,1.00,0.45,22.93
42,5.00,0.85,0.45,84.24
38,5.50,0.85,0.45,80.16
27,5.00,0.70,0.45,45.06
2,6.50,0.70,0.45,5.36
23,7.00,0.85,0.75,106.24
31,7.00,0.85,0.45,83.53
43,4.00,0.85,0.45,62.38
25,4.00,1.00,0.45,44.74
23,4.00,0.85,0.45,36.48
19,5.50,0.70,0.45,32.38
21,4.00,0.70,0.45,28.10
1,4.00,0.70,0.75,1.94
6,7.00,0.70,0.45,11.74
38,7.00,0.85,1.00,223.39
18,5.50,0.85,0.45,36.89
42,5.00,0.70,0.75,110.76
20,7.00,0.85,0.45,48.65
49,4.00,0.70,0.45,59.79
9,6.50,0.85,0.75,32.30
10,4.00,1.00,1.00,38.46
29,5.50,1.00,0.45,74.77
40,6.50,1.00,0.45,114.03
8,5.00,1.00,0.45,19.76
25,5.50,0.70,0.45,50.43
11,4.00,0.70,0.45,17.49
37,7.00,0.70,0.75,136.31
28,6.50,1.00,0.45,84.05
33,7.00,0.85,0.45,84.93
14,5.00,1.00,0.45,27.57
15,5.50,1.00,0.75,61.95
32,6.50,0.85,0.45,80.56
18,6.50,0.70,0.45,39.59
34,6.50,1.00,0.45,98.03
8,5.00,0.85,0.45,15.78
15,5.00,1.00,0.45,34.15
5,4.00,0.70,0.45,5.97
5,6.50,1.00,0.75,24.19
13,6.50,0.85,0.75,51.73
24,5.00,1.00,0.45,54.70
8,5.50,0.85,0.45,17.32
5,4.00,0.85,0.45,6.55
43,5.50,0.85,0.75,152.43
26,5.50,0.70,0.45,47.61
36,4.00,0.70,0.45,47.05
36,7.00,0.85,0.45,93.78
5,5.00,0.70,0.75,13.37
31,4.00,0.85,0.45,45.15
43,5.50,1.00,0.45,106.67
22,4.00,0.85,0.75,53.83
43,5.00,0.70,0.75,116.07
47,4.00,1.00,1.00,189.96
27,4.00,0.85,0.45,44.19
5,4.00,0.85,1.00,19.63
31,5.50,1.00,0.75,127.20
44,4.00,0.85,0.45,66.26
29,7.00,0.85,0.45,82.00
40,4.00,0.85,0.45,60.79
27,5.50,0.70,0.45,43.39
21,5.50,0.85,0.45,46.70
47,7.00,0.85,0.45,126.20
8,5.50,1.00,0.75,36.76
22,5.00,1.00,0.75,83.11
8,7.00,0.70,0.45,17.59
33,5.00,0.70,0.45,55.79
46,7.00,0.70,0.45,97.58
49,5.50,1.00,0.45,119.81
12,7.00,0.70,0.45,24.24
36,5.00,1.00,0.75,129.51
43,7.00,1.00,0.45,137.63
41,5.50,1.00,0.45,100.08
25,5.50,0.70,0.45,45.58
9,7.00,0.85,1.00,54.52
23,7.00,0.85,0.45,63.10
39,7.00,0.70,0.75,142.19
31,7.00,1.00,0.75,160.84
20,4.00,1.00,0.45,36.22
11,5.50,0.70,0.45,21.36
32,4.00,0.85,0.45,48.83
21,6.50,0.70,0.75,69.91
24,5.00,0.85,0.45,42.90
46,5.00,1.00,0.45,104.01
1,5.00,0.85,0.45,0.53
12,4.00,0.70,0.75,25.02
46,6.50,1.00,0.75,223.65
46,6.50,1.00,0.45,133.44
15,6.50,0.85,0.45,38.03
49,4.00,0.85,0.45,76.36
11,7.00,0.85,0.75,54.00
3,4.00,1.00,0.75,10.89
16,5.50,0.70,1.00,65.58
27,4.00,1.00,0.75,78.95
1,4.00,1.00,0.45,0.00
9,5.00,0.70,0.45,14.14
39,6.50,0.85,0.45,99.11
31,5.50,0.85,0.45,66.97
30,6.50,0.85,0.45,77.62
49,5.00,1.00,0.45,103.91
12,5.50,0.85,0.45,28.38
44,5.00,0.70,0.75,116.34
18,5.50,1.00,0.45,40.69
46,6.50,0.70,0.45,95.99
39,5.00,1.00,0.45,88.17
11,5.00,0.70,0.45,18.28
11,4.00,0.70,0.75,25.60
27,7.00,0.70,0.45,60.61
25,6.50,0.85,0.45,58.47
12,7.00,0.70,0.45,26.10
13,7.00,0.70,0.45,24.62
45,4.00,0.85,0.75,116.37
37,5.50,0.70,0.45,67.60
10,6.50,0.85,0.45,21.76
36,7.00,0.70,0.45,77.70
8,4.00,0.70,0.45,7.87
22,7.00,0.85,0.45,57.77
1,7.00,1.00,0.45,4.18
32,5.00,1.00,0.45,70.89
9,5.50,1.00,0.75,38.76
12,7.00,0.85,1.00,74.06
10,5.50,0.85,0.45,23.79
9,5.50,0.70,0.45,12.80
4,5.00,1.00,0.45,12.46
28,5.50,1.00,0.45,72.97
43,7.00,0.85,0.45,119.01
15,4.00,1.00,0.45,26.61
39,7.00,0.70,0.75,141.45
27,6.50,1.00,0.45,76.51
13,5.50,0.85,0.45,24.59
4,4.00,0.70,0.75,8.43
39,5.00,0.85,0.45,76.71
2,5.00,0.70,0.45,6.42
21,6.50,0.85,1.00,114.81
2,7.00,0.70,0.45,4.31
39,5.00,0.70,0.45,61.16
49,7.00,0.85,0.75,217.07
16,4.00,1.00,0.45,30.64
16,5.00,0.70,0.75,42.91
28,7.00,1.00,0.45,88.55
25,5.00,0.85,1.00,107.15
19,6.50,0.85,0.75,80.27
18,7.00,0.70,0.45,41.20
10,5.00,0.85,0.45,17.03
13,5.50,0.85,0.45,29.59
29,5.50,0.85,0.45,61.65
36,5.50,0.70,0.45,61.28
37,6.50,0.85,0.45,92.58
26,5.00,0.70,0.75,69.11
37,5.50,1.00,0.45,94.28
30,7.00,0.85,0.45,77.71
18,7.00,0.70,0.75,69.46
18,4.00,0.70,0.45,22.74
26,5.50,0.85,0.75,89.90
16,6.50,0.70,0.75,53.26
38,7.00,0.85,0.45,99.24
10,5.50,0.85,0.45,16.69
3,4.00,0.70,0.75,7.99
25,4.00,0.70,0.45,36.45
4,4.00,0.70,0.45,1.00
10,7.00,0.70,0.45,19.67
19,5.50,1.00,0.45,48.90
1,4.00,0.85,0.45,1.42
11,4.00,0.85,0.75,30.14
27,6.50,0.70,0.45,55.03
19,5.00,1.00,0.45,41.30
44,4.00,0.70,0.45,54.88
5,7.00,1.00,0.45,9.79
36,5.50,0.85,0.45,72.88
30,5.00,0.70,0.45,49.62
32,4.00,1.00,0.75,98.98
33,5.00,1.00,0.45,77.77
3,4.00,0.70,0.45,4.88
39,6.50,1.00,0.45,108.43
17,4.00,0.70,0.45,19.83
32,5.00,0.70,0.75,87.31
15,4.00,0.85,0.75,42.31
20,7.00,0.70,0.75,76.91
35,6.50,1.00,0.45,101.78
46,4.00,0.70,0.45,54.69
44,4.00,1.00,0.45,79.10
36,6.50,0.70,0.45,73.75
27,6.50,0.70,0.45,59.20
26,4.00,1.00,0.45,47.37
48,5.00,0.70,0.45,75.64
11,7.00,0.85,0.45,29.64
47,6.50,0.70,1.00,214.85
32,4.00,0.85,0.45,50.53
31,5.00,1.00,0.75,114.44
29,4.00,0.70,0.45,33.90
40,5.50,1.00,0.45,102.43
34,5.50,0.85,0.75,115.11
5,5.00,1.00,0.45,15.34
39,5.00,1.00,0.45,82.97
36,4.00,1.00,0.45,63.34
45,7.00,1.00,0.75,238.68
46,5.50,0.70,0.45,79.70
47,5.00,0.70,0.75,120.08
3,7.00,0.70,0.45,7.68
31,5.00,1.00,0.45,69.92
46,5.50,0.70,0.45,79.15
48,5.00,0.85,0.45,90.24
27,4.00,0.70,0.45,33.93
45,5.50,0.70,0.45,76.51
44,5.50,1.00,0.75,187.59
1,5.00,0.70,0.45,0.97
44,5.50,0.85,0.75,153.34
32,5.00,0.85,0.45,59.85
29,5.00,0.85,0.45,59.90
9,6.50,1.00,0.45,22.23
46,7.00,1.00,0.45,145.80
15,5.00,0.70,0.45,23.03
21,7.00,0.70,1.00,99.34
15,7.00,0.85,0.45,38.11
48,4.00,0.70,0.45,61.27
24,5.50,0.85,0.45,48.33
6,4.00,1.00,0.45,11.45
1,6.50,0.70,0.45,6.37
49,6.50,0.70,0.45,100.75
12,6.50,1.00,0.45,31.47
38,4.00,0.70,0.75,77.68
2,5.00,0.85,0.45,3.11
44,4.00,0.70,0.45,54.56
32,5.50,1.00,0.45,79.58
12,4.00,0.85,0.75,31.38
44,6.50,1.00,0.45,133.03
15,5.00,0.70,0.75,39.37
49,4.00,0.85,0.75,122.07
30,5.00,1.00,0.45,70.38
22,5.50,0.70,0.45,41.27
3,6.50,0.70,0.45,6.72
13,5.50,0.85,0.75,44.97
3,5.50,0.70,0.45,6.75
42,6.50,0.70,0.45,85.47
5,5.50,0.85,0.45,5.38
6,5.00,0.70,0.45,10.86
7,6.50,1.00,0.45,22.71
48,7.00,0.70,0.45,109.44
48,6.50,0.85,0.45,117.51
36,5.50,1.00,0.45,89.67
4,4.00,0.70,0.45,5.66
25,6.50,0.70,0.45,51.40
47,7.00,0.70,0.45,103.92
5,5.00,1.00,1.00,25.09
39,5.50,0.70,0.45,68.10
1,5.00,0.70,0.45,3.43
40,5.00,0.70,0.45,66.05
27,5.00,0.85,0.45,49.75
44,7.00,0.70,0.75,161.27
21,4.00,0.70,0.75,43.04
39,4.00,1.00,0.75,115.59
42,7.00,1.00,0.75,216.46
16,5.00,0.70,0.45,25.26
32,4.00,0.85,0.45,50.16
23,5.00,1.00,0.45,51.36
22,5.00,1.00,0.45,49.48
40,4.00,0.70,0.45,51.45
12,5.50,1.00,0.45,33.23
6,4.00,1.00,0.45,9.75
24,6.50,0.85,0.45,56.74
41,5.00,0.70,0.45,64.35
8,5.00,0.85,0.75,30.21
17,4.00,0.85,0.75,40.45
33,5.50,0.70,0.45,58.80
24,5.50,0.85,0.75,87.04
30,4.00,0.70,0.45,31.89
26,4.00,1.00,0.45,47.83
40,5.50,0.85,0.45,85.66
43,6.50,1.00,0.75,208.96
23,4.00,0.70,0.45,27.36
22,4.00,0.70,0.45,26.24
14,6.50,0.70,0.45,27.84
22,6.50,1.00,0.45,63.59
41,7.00,0.70,0.45,89.18
25,4.00,0.85,0.45,37.39
34,5.00,1.00,0.45,79.48
21,5.00,0.85,0.45,37.13
35,6.50,0.85,0.45,82.65
35,5.00,0.85,0.45,69.95
26,5.00,0.70,0.45,40.47
46,5.50,0.85,0.45,95.80
43,6.50,1.00,0.45,125.50
8,6.50,0.85,0.75,33.67
12,4.00,1.00,0.45,20.29
47,4.00,1.00,0.45,85.86
20,7.00,1.00,0.75,102.59
16,5.50,0.70,0.45,26.97
40,6.50,0.85,0.45,93.91
30,4.00,1.00,0.45,56.93
7,6.50,0.85,0.45,16.96
5,5.00,0.70,0.45,9.55
40,4.00,0.85,0.75,103.19
38,4.00,0.70,0.75,81.17
18,6.50,0.85,1.00,99.43
43,6.50,0.70,0.45,89.01
7,6.50,0.85,0.45,15.00
43,7.00,0.85,0.45,112.20
4,5.00,1.00,0.45,8.75
32,5.00,1.00,0.45,70.30
42,7.00,0.70,0.45,96.17
31,4.00,0.70,0.45,40.00
39,4.00,0.85,1.00,130.81
17,5.50,0.85,0.45,35.08
15,5.00,1.00,0.45,34.08
14,4.00,0.85,0.45,21.25
6,7.00,1.00,0.45,19.58
14,6.50,0.85,0.75,58.18
13,4.00,1.00,0.75,35.52
38,5.50,0.70,0.75,104.35
11,5.00,0.70,1.00,37.57
9,7.00,1.00,0.45,29.75
36,7.00,1.00,0.45,112.49
27,5.50,0.70,0.45,49.87
11,7.00,1.00,0.45,34.53
35,7.00,0.85,0.45,97.11
11,4.00,1.00,0.45,22.68
39,5.50,0.85,0.75,139.37
2,4.00,1.00,0.75,2.99
29,5.00,1.00,0.75,108.79
30,6.50,0.85,0.45,77.64
19,5.00,1.00,0.45,43.43
34,6.50,0.70,0.45,71.00
19,4.00,0.85,0.45,25.60
33,6.50,0.85,0.45,86.84
11,5.00,0.85,0.45,19.06
28,7.00,0.70,0.45,56.75
38,6.50,0.70,0.45,76.93
48,7.00,1.00,0.45,145.08
18,4.00,0.70,0.75,35.09
24,5.50,0.85,0.75,90.55
24,5.00,0.70,0.45,36.85
43,5.00,0.70,0.75,109.31
48,6.50,0.70,0.45,98.34
32,4.00,0.70,0.45,38.08
41,5.50,1.00,0.75,171.29
5,5.00,0.70,0.45,5.65
38,5.50,0.70,0.45,66.51
40,4.00,1.00,0.45,69.13
36,5.50,1.00,0.45,95.60
29,5.00,0.85,0.45,56.72
45,7.00,0.85,0.75,200.45
33,5.50,0.70,0.45,56.44
42,4.00,0.85,0.45,62.88
9,5.00,1.00,0.75,31.85
33,5.50,0.85,0.45,67.45
22,4.00,0.70,0.75,50.40
43,4.00,0.70,0.45,52.80
44,6.50,1.00,0.45,123.38
42,4.00,0.70,0.45,50.01
11,5.50,1.00,0.45,29.54
25,5.50,0.70,0.45,42.68
1,4.00,0.70,1.00,2.46
49,4.00,1.00,0.45,91.12
13,7.00,0.70,0.75,45.83
31,6.50,0.85,0.45,78.65
24,5.50,0.70,0.45,39.91
45,5.50,1.00,0.45,112.81
41,6.50,0.70,0.75,138.93
39,5.00,0.70,0.45,60.82
32,7.00,1.00,0.45,102.85
6,7.00,0.85,0.45,17.94
46,6.50,0.85,0.45,113.95
4,5.00,1.00,1.00,18.82
23,5.00,0.70,0.75,64.37
19,6.50,1.00,0.45,57.05
20,6.50,1.00,0.45,57.52
48,6.50,0.85,0.45,117.71
12,4.00,0.85,0.45,20.92
29,5.50,1.00,0.45,72.06
11,7.00,0.70,0.45,23.85
45,5.50,1.00,0.45,111.66
37,5.50,1.00,0.45,92.42
21,7.00,0.85,0.75,93.57
4,5.00,0.70,0.45,9.31
8,7.00,1.00,0.45,28.35
12,6.50,0.85,0.45,31.16
20,5.50,0.70,0.45,38.09
44,5.00,0.70,0.45,69.32
6,4.00,1.00,0.45,12.53
29,4.00,0.85,0.45,46.88
18,4.00,0.70,0.45,25.23
3,7.00,0.70,0.45,8.90
31,4.00,0.85,0.45,49.01
35,4.00,0.70,0.45,48.99
48,5.00,0.85,1.00,202.65
25,7.00,1.00,0.75,130.86
16,6.50,0.85,0.45,39.24
42,5.00,0.85,0.45,79.40
13,5.00,0.70,0.45,15.50
34,5.50,0.70,0.45,62.34
47,6.50,0.85,0.45,114.29
1,5.00,0.70,0.75,3.05
46,7.00,1.00,0.75,237.95
11,5.00,0.70,0.45,18.88
24,5.00,1.00,0.45,52.04
13,7.00,0.85,0.45,31.97
8,5.00,0.70,0.45,13.09
35,6.50,0.85,0.45,85.27
24,7.00,0.70,0.45,51.48
25,5.00,0.85,0.45,48.24
24,4.00,1.00,0.45,45.20
37,5.50,0.85,0.45,75.79
48,5.00,1.00,0.45,105.52
26,5.00,0.85,0.45,49.78
8,6.50,0.85,0.45,21.24
17,4.00,1.00,1.00,71.66
25,4.00,0.85,0.45,35.57
6,6.50,1.00,0.45,16.76
12,5.50,1.00,0.45,32.64
10,6.50,0.85,0.45,29.80
48,6.50,0.70,0.45,95.80
20,7.00,1.00,0.75,103.15
44,5.50,1.00,0.45,109.85
28,5.50,1.00,1.00,152.56
25,4.00,0.85,0.75,61.85
46,6.50,1.00,0.45,135.16
34,6.50,0.85,1.00,191.72
12,5.00,0.70,0.45,15.63
14,5.50,1.00,0.45,38.40
33,5.00,0.70,0.75,85.19
1,5.50,0.85,0.75,4.37
8,4.00,0.85,1.00,31.18
4,7.00,0.85,0.45,11.52
35,7.00,0.70,0.45,76.43
22,6.50,0.85,0.45,56.49
1,4.00,0.70,0.45,0.83
37,4.00,1.00,0.45,67.90
33,7.00,1.00,0.75,172.74
36,5.50,0.85,0.45,77.89
8,6.50,1.00,0.45,19.91
43,4.00,1.00,1.00,169.47
9,7.00,1.00,0.75,43.73
28,6.50,1.00,0.45,81.76
28,4.00,1.00,0.75,80.18
11,5.00,0.70,0.75,27.15
19,5.00,0.85,0.45,33.57
3,5.50,1.00,0.45,11.12
24,5.50,1.00,0.45,56.92
34,4.00,0.70,0.45,39.62
16,6.50,0.70,0.45,33.38
27,4.00,1.00,0.75,85.22
47,6.50,0.85,0.45,116.56
12,4.00,1.00,0.45,21.50
15,7.00,0.85,0.45,43.39
6,4.00,0.85,0.75,17.50
27,5.50,0.70,0.45,47.84
10,5.00,0.85,0.45,17.67
42,5.00,0.70,0.75,111.39
15,5.50,0.70,0.45,22.59
33,5.50,0.70,0.45,55.61
10,4.00,0.70,0.45,16.18
16,4.00,0.70,0.75,36.85
9,5.50,1.00,0.45,23.37
28,5.50,0.70,0.45,43.69
2,6.50,0.70,0.45,1.07
5,4.00,0.85,0.45,5.95
25,4.00,0.70,0.45,31.07
27,5.00,0.70,0.75,67.75
17,7.00,1.00,0.45,52.93
22,4.00,1.00,0.75,70.42
21,7.00,0.70,0.45,47.31
38,5.50,0.85,0.45,80.49
22,4.00,0.70,0.45,25.18
42,5.50,0.85,0.45,84.26
11,5.50,0.85,0.75,35.50
10,5.00,1.00,0.75,33.30
20,4.00,1.00,0.45,36.19
4,5.00,1.00,0.45,9.96
33,5.00,0.85,0.45,60.70
20,5.00,1.00,0.45,45.37
18,5.50,0.70,0.45,34.86
27,4.00,1.00,0.75,85.89
5,5.00,0.70,0.45,9.80
19,7.00,1.00,0.75,99.31
48,4.00,1.00,0.45,88.25
31,4.00,0.85,1.00,108.78
29,5.00,0.70,0.45,40.66
25,5.50,0.70,0.75,75.89
23,5.50,0.85,0.45,47.02
46,5.50,0.85,0.45,95.44
46,5.50,0.70,1.00,176.21
21,4.00,0.70,0.45,27.26
46,6.50,0.70,0.45,91.41
5,6.50,1.00,0.45,13.91
16,4.00,0.85,0.75,42.11
15,5.50,0.70,0.45,26.53
35,7.00,0.85,0.45,94.66
30,5.50,1.00,0.75,122.94
24,5.00,0.85,0.45,47.63
13,7.00,1.00,0.75,70.89
25,4.00,0.85,1.00,87.49
14,4.00,0.85,0.75,36.77
25,7.00,0.70,0.45,57.47
17,4.00,0.70,0.45,23.60
44,5.00,0.70,0.45,75.99
37,7.00,0.70,0.75,139.02
9,6.50,1.00,0.45,26.10
47,5.00,0.70,0.45,71.75
33,5.00,0.85,0.45,62.46
18,7.00,0.70,0.45,38.86
26,5.50,1.00,0.45,65.63
10,7.00,0.85,0.45,25.02
3,5.00,1.00,0.45,9.73
21,6.50,0.85,0.45,48.74
39,4.00,1.00,0.45,66.12
18,4.00,1.00,0.45,32.06
19,5.00,1.00,0.45,40.64
49,5.00,1.00,0.45,107.10
49,5.50,0.70,0.45,83.30
23,5.50,0.70,0.75,64.51
3,4.00,1.00,0.45,5.43
34,5.00,0.70,0.45,52.00
36,4.00,0.85,0.45,53.73
45,4.00,1.00,0.75,134.99
47,5.00,0.70,0.45,76.56
31,5.50,1.00,0.45,80.40
6,4.00,1.00,0.45,11.17
13,7.00,1.00,1.00,91.56
36,5.00,1.00,0.45,80.54
30,6.50,0.85,0.45,75.79
22,5.50,1.00,0.45,55.43
20,5.50,1.00,1.00,113.31
35,5.50,0.85,0.75,118.00
21,6.50,0.85,0.45,51.63
8,4.00,0.70,0.45,10.93
48,5.50,1.00,0.75,197.93
18,5.50,0.85,0.75,60.76
14,5.50,1.00,0.75,54.50
4,6.50,0.70,0.45,10.21
23,5.00,1.00,0.45,49.86
49,4.00,0.70,0.45,57.35
8,5.00,0.70,0.45,14.74
12,5.00,1.00,0.45,28.15
9,5.00,1.00,0.45,19.96
5,5.50,1.00,0.45,10.09
30,7.00,0.85,0.45,80.04
15,5.00,0.85,0.45,31.73
37,7.00,0.85,0.45,95.03
20,7.00,0.85,0.45,49.64
32,6.50,0.70,0.45,63.95
5,5.50,0.85,1.00,23.31
17,5.50,1.00,1.00,92.26
21,6.50,1.00,0.75,103.98
3,6.50,0.70,0.45,8.86
21,5.00,1.00,1.00,105.70
24,7.00,1.00,0.45,77.00
20,5.50,1.00,0.45,50.18
25,7.00,0.85,0.45,66.96
40,5.00,1.00,0.45,86.77
38,6.50,0.85,0.45,91.91
1,7.00,0.70,0.45,0.00
32,4.00,0.70,0.45,39.95
45,6.50,0.85,1.00,249.21
43,7.00,0.70,0.45,91.19
16,6.50,0.85,0.45,39.96
39,7.00,0.70,0.45,83.81
40,5.50,1.00,0.45,96.33
18,4.00,0.70,0.45,21.12
43,6.50,1.00,0.45,122.97
31,7.00,1.00,0.45,99.17
37,5.50,1.00,1.00,203.08
37,6.50,0.85,0.45,94.03
39,5.50,0.85,0.45,80.94
47,5.00,1.00,0.45,104.74
43,6.50,0.70,0.75,151.42
21,5.50,1.00,0.45,47.92
28,6.50,0.85,0.45,72.83
32,5.00,0.85,0.45,65.34
42,6.50,0.85,0.75,175.95
20,7.00,0.70,0.45,43.27
16,5.50,0.70,0.45,31.29
37,7.00,0.70,0.45,80.78
47,4.00,0.70,0.75,96.94
45,4.00,0.70,0.45,55.73
8,5.50,0.85,0.45,15.40
46,6.50,0.85,0.45,112.00
39,5.00,1.00,0.45,90.53
8,5.00,0.70,0.45,10.67
1,4.00,0.70,0.45,1.19
11,4.00,0.70,0.75,19.49
46,7.00,0.70,0.45,101.51
37,7.00,0.70,0.75,133.09
29,6.50,0.70,0.45,56.43
31,4.00,1.00,0.45,55.53
21,7.00,1.00,0.45,68.79
45,5.50,0.85,0.45,95.77
8,5.50,0.85,0.45,18.10
16,5.00,0.70,0.75,41.68
10,7.00,0.70,0.45,21.21
42,5.00,0.70,0.45,68.13
27,5.50,0.70,0.45,45.37
34,5.50,1.00,0.45,86.24
46,5.00,0.85,0.45,91.06
10,6.50,1.00,0.45,27.15
48,5.00,0.85,0.45,90.06
7,7.00,0.85,0.45,17.38
37,5.00,0.70,0.75,93.46
35,7.00,1.00,0.45,109.08
41,5.50,0.85,0.45,89.51
8,5.50,0.70,0.45,11.25
48,4.00,0.85,0.75,125.71
39,4.00,1.00,0.45,69.12
6,5.50,1.00,0.45,20.14
28,4.00,0.85,0.45,41.14
41,6.50,0.85,0.45,101.58
24,5.50,0.70,0.45,39.30
19,6.50,0.85,0.75,77.01
14,4.00,0.85,0.45,24.77
26,5.50,0.85,0.45,55.88
49,7.00,1.00,0.75,259.82
30,5.00,1.00,0.75,109.21
36,7.00,0.85,0.45,98.03
39,7.00,0.70,0.45,83.57
39,6.50,0.85,0.45,93.62
20,5.50,1.00,0.75,83.10
38,7.00,0.70,0.45,84.36
17,5.00,1.00,0.45,38.38
29,5.50,0.70,0.45,52.04
15,5.50,0.70,0.45,28.17
47,4.00,0.70,0.75,102.37
36,5.00,1.00,0.45,78.02
29,7.00,1.00,0.45,95.11
23,5.50,0.85,0.45,53.09
26,7.00,0.70,0.45,56.41
39,6.50,0.70,0.45,75.68
14,5.00,0.85,0.45,23.32
41,4.00,1.00,0.75,121.85
14,5.50,0.70,0.45,29.29
7,6.50,0.70,0.45,14.38
37,6.50,0.85,0.45,90.45
35,5.50,0.85,0.75,121.01
17,4.00,1.00,0.45,27.29
32,5.00,0.70,0.45,52.59
36,5.50,1.00,0.45,88.87
39,5.00,0.70,0.75,107.62
47,5.50,0.70,0.45,83.00
42,5.50,0.70,0.45,74.84
22,4.00,0.70,0.45,27.11
12,6.50,0.70,0.45,21.84
5,7.00,1.00,0.45,13.57
29,6.50,0.85,0.45,68.68
33,5.00,0.85,0.45,65.39
34,4.00,0.70,0.45,41.88
1,4.00,0.70,1.00,5.18
35,4.00,0.85,0.45,53.89
39,5.00,0.85,0.75,123.58
36,5.00,1.00,0.75,132.08
26,5.50,1.00,0.75,108.00
1,6.50,0.85,0.45,1.94
24,4.00,0.70,0.45,32.50
32,4.00,0.70,0.75,65.41
28,4.00,0.85,0.45,44.38
29,5.00,1.00,0.45,69.35
26,7.00,0.70,0.45,58.01
28,4.00,0.85,0.75,73.36
16,6.50,0.85,0.45,41.21
30,6.50,0.85,0.75,129.06
14,4.00,0.70,0.45,18.57
25,4.00,1.00,0.45,46.75
21,5.00,1.00,0.75,78.66
35,4.00,1.00,0.45,61.06
44,7.00,0.70,0.45,94.00
32,5.50,1.00,0.45,82.37
7,7.00,1.00,0.45,19.53
33,7.00,0.85,0.45,90.22
16,7.00,0.70,0.45,36.32
3,5.50,0.85,0.75,12.81
10,4.00,0.70,0.75,19.71
49,5.50,0.70,0.75,139.51
21,6.50,0.85,0.45,53.16
10,6.50,0.85,0.45,24.13
7,7.00,0.85,0.45,15.66
32,6.50,0.70,0.45,70.37
38,5.00,1.00,0.45,83.52
18,4.00,0.70,0.45,20.20
6,4.00,0.85,0.45,8.57
18,4.00,0.70,0.75,40.93
33,5.00,0.85,0.75,99.77
6,7.00,0.70,0.75,24.97
14,5.00,1.00,0.45,29.22
1,6.50,1.00,0.45,3.59
24,4.00,1.00,0.45,41.51
9,6.50,0.70,0.45,23.41
10,5.50,0.70,0.45,17.64
6,5.00,0.70,0.45,7.68
36,6.50,1.00,0.75,174.75
24,5.50,1.00,0.45,59.62
47,7.00,0.85,0.75,210.18
20,5.00,0.70,0.45,32.60
11,4.00,1.00,0.45,19.80
11,5.50,0.85,0.45,19.70
47,7.00,0.85,0.45,124.99
29,4.00,0.85,0.45,45.89
16,6.50,0.85,0.45,38.11
33,5.50,0.85,0.45,71.11
28,5.50,0.70,0.45,48.59
6,4.00,1.00,0.45,10.26
35,6.50,0.85,0.45,90.00
6,5.50,1.00,0.45,10.50
10,7.00,1.00,0.75,50.81
35,6.50,0.85,1.00,196.46
22,5.00,0.85,0.45,46.65
11,7.00,1.00,0.45,40.36
4,6.50,1.00,0.45,11.83
30,6.50,0.70,0.45,62.57
35,5.50,0.70,0.45,62.68
10,5.00,0.70,0.45,18.94
21,7.00,1.00,0.45,66.93
17,4.00,1.00,0.45,32.92
44,7.00,1.00,0.45,139.75
39,6.50,1.00,0.45,115.38
14,5.50,0.85,0.45,27.16
26,5.00,0.85,0.45,48.90
46,5.50,1.00,0.75,188.44
17,6.50,0.85,0.45,39.29
7,5.00,0.85,0.45,9.26
15,4.00,1.00,0.75,43.94
30,4.00,0.85,0.45,45.24
49,5.00,0.85,0.45,93.98
16,6.50,0.70,0.45,34.15
3,5.50,1.00,0.45,7.90
9,5.50,1.00,0.75,36.48
21,7.00,0.70,0.45,44.02
5,6.50,0.85,0.45,14.62
2,7.00,0.85,0.75,8.67
33,5.00,0.70,0.45,50.89
41,5.00,0.70,0.45,64.11
12,6.50,1.00,0.45,33.27
26,5.50,0.70,0.75,73.75
29,4.00,0.85,0.45,42.96
33,4.00,0.85,0.75,83.43
48,4.00,0.70,0.45,62.12
44,5.00,1.00,0.45,100.02
16,4.00,0.70,0.45,24.03
48,4.00,0.85,0.45,76.47
2,4.00,0.70,0.45,7.41
48,5.00,0.85,0.75,154.40
7,7.00,0.70,0.45,16.79
6,4.00,0.85,0.45,7.96
6,5.00,0.85,0.75,21.19
6,5.50,0.85,0.75,19.40
23,4.00,0.70,0.75,44.62
32,5.50,0.70,0.75,96.22
37,6.50,1.00,0.45,105.10
1,7.00,0.70,0.45,3.30
15,5.00,0.85,0.45,26.49
7,5.00,1.00,0.45,18.57
8,5.00,0.70,0.45,15.76
37,4.00,1.00,1.00,149.32
32,5.00,0.70,0.45,53.52
11,5.50,0.85,0.45,23.16
15,4.00,0.70,0.45,24.49
46,6.50,0.85,0.75,192.48
29,7.00,1.00,0.45,89.10
12,4.00,0.70,0.75,25.37
46,4.00,0.70,0.75,96.22
10,6.50,1.00,0.45,28.62
15,5.00,1.00,0.45,29.61
34,5.50,0.70,0.45,59.87
26,4.00,0.70,1.00,69.34
4,4.00,1.00,0.75,5.69
40,5.00,0.70,0.45,62.14
12,5.00,1.00,0.45,25.11
34,4.00,1.00,1.00,133.85
17,7.00,0.85,0.75,68.10
37,5.00,0.70,0.75,95.00
45,6.50,0.70,0.45,91.70
38,5.00,0.85,1.00,159.91
46,4.00,1.00,0.75,138.97
27,4.00,0.85,0.45,44.79
4,4.00,0.70,0.75,9.69
27,5.50,0.70,0.45,49.34
23,5.00,1.00,0.45,54.52
36,5.00,0.85,0.45,66.30
13,6.50,0.85,0.45,33.42
35,4.00,0.85,0.45,56.04
22,7.00,1.00,0.45,68.21
33,6.50,1.00,0.45,94.55
21,7.00,0.85,0.45,57.55
19,4.00,1.00,0.45,30.50
11,4.00,0.85,0.45,14.11
41,7.00,1.00,0.45,127.48
4,5.00,0.70,0.45,7.43
12,4.00,1.00,0.45,22.15
21,6.50,0.85,0.45,54.79
8,6.50,0.85,0.45,17.59
45,5.50,0.85,0.45,92.23
17,5.50,0.85,0.45,37.07
12,6.50,0.85,0.45,27.84
13,4.00,0.70,0.75,25.79
10,7.00,0.70,1.00,44.36
33,5.00,1.00,0.45,74.98
24,5.50,0.70,0.75,73.15
12,7.00,0.85,0.45,29.56
43,5.00,1.00,0.45,99.30
33,5.50,0.70,1.00,126.90
20,6.50,0.70,0.45,36.54
26,5.00,1.00,0.45,56.26
33,4.00,1.00,0.45,57.01
8,7.00,0.85,1.00,46.81
40,5.00,0.70,0.45,64.05
13,4.00,1.00,0.45,28.02
2,4.00,0.85,0.45,0.00
26,7.00,0.85,0.45,68.40
43,5.50,0.70,0.45,72.26
36,5.00,0.70,0.75,91.33
16,5.00,0.70,0.45,25.44
20,7.00,1.00,0.45,63.00
30,4.00,0.70,0.45,33.27
12,4.00,0.85,0.75,30.65
41,7.00,0.85,0.45,106.76
15,6.50,0.70,0.45,30.74
11,4.00,0.70,0.75,26.27
5,5.00,1.00,0.75,19.91
34,4.00,1.00,0.45,61.64
2,7.00,0.70,0.45,3.09
40,7.00,0.70,0.45,88.37
48,7.00,0.85,0.75,215.61
6,4.00,1.00,0.45,11.96
5,5.50,1.00,0.45,12.13
46,5.00,0.70,0.45,72.99
7,5.50,0.70,0.45,8.84
20,5.50,0.70,0.75,55.91
43,6.50,0.85,0.45,108.68
7,7.00,0.85,0.45,20.85
33,7.00,1.00,0.75,173.48
19,7.00,0.70,0.45,45.59
22,4.00,0.70,0.45,28.99
46,4.00,1.00,0.45,82.22
32,5.50,0.85,1.00,146.55
16,7.00,0.85,0.45,46.44
46,7.00,0.70,0.45,103.36
29,5.00,0.70,0.45,50.17
5,6.50,1.00,0.45,20.04
20,5.00,0.70,0.45,28.28
12,6.50,1.00,0.45,31.89
32,7.00,0.70,0.45,63.40
43,7.00,0.70,0.45,97.11
2,5.00,1.00,0.45,6.14
39,5.50,0.70,0.75,112.86
45,4.00,1.00,1.00,176.93
49,5.50,1.00,0.45,121.05
33,7.00,1.00,0.45,104.41
16,6.50,0.70,0.45,34.72
8,5.00,0.70,0.45,13.28
47,5.00,0.85,0.75,151.47
21,5.00,0.70,0.45,32.76
17,5.50,0.85,0.45,38.72
36,4.00,0.85,0.45,56.66
36,7.00,0.70,0.45,76.41
40,5.50,0.85,0.45,87.62
44,6.50,0.85,0.75,185.39
43,7.00,1.00,0.45,136.61
9,6.50,0.85,0.45,23.08
9,6.50,0.70,1.00,45.10
11,7.00,0.70,1.00,49.82
31,5.50,1.00,0.45,79.83
29,7.00,0.85,0.45,76.46
43,5.50,0.85,0.45,93.20
42,6.50,0.70,0.45,86.30
40,7.00,0.70,0.45,85.09
4,5.50,0.70,0.45,5.69
35,5.00,0.70,0.45,57.68
42,5.50,0.85,0.75,146.74
49,7.00,0.85,0.75,217.11
17,6.50,0.85,0.45,40.70
39,7.00,0.85,0.45,106.03
20,4.00,0.70,1.00,60.38
8,7.00,0.70,0.45,12.29
17,6.50,0.70,0.45,41.81
13,5.50,0.85,0.75,46.09
45,7.00,1.00,0.45,143.20
9,6.50,1.00,0.75,42.78
7,6.50,1.00,0.45,20.47
29,6.50,0.85,0.75,120.65
29,5.50,0.85,0.45,58.39
28,7.00,0.85,0.45,72.96
8,4.00,0.70,0.45,13.04
25,6.50,0.85,0.45,58.28
46,5.00,0.70,0.45,73.55
5,4.00,0.85,0.45,6.72
40,5.50,0.70,0.75,113.10
7,5.50,1.00,0.45,22.25
12,5.50,1.00,0.45,27.31
45,5.00,0.70,0.75,115.30
15,6.50,0.70,0.45,30.25
26,7.00,0.85,0.45,67.69
19,4.00,1.00,0.75,57.02
31,4.00,1.00,0.45,56.19
20,6.50,0.85,0.45,50.31
22,7.00,0.70,0.45,48.20
41,6.50,0.85,0.45,100.18
28,5.00,0.70,1.00,99.61
28,6.50,0.85,0.45,69.34
40,5.50,1.00,0.45,97.76
21,5.00,0.85,0.45,43.86
41,6.50,0.85,0.75,169.59
36,5.00,1.00,0.75,137.73
44,5.00,0.70,0.75,118.57
23,7.00,1.00,0.45,75.67
28,5.00,0.70,0.45,45.83
7,7.00,0.70,0.75,25.72
6,4.00,0.70,0.75,12.44
6,7.00,1.00,0.45,18.29
32,4.00,0.70,0.45,34.90
16,5.00,0.85,0.75,52.80
15,5.50,0.70,1.00,58.36
30,5.00,1.00,0.75,114.56
20,7.00,0.70,0.45,43.81
7,5.00,1.00,0.45,17.41
28,5.50,0.70,0.75,77.41
27,5.50,1.00,0.45,63.90
7,5.50,0.70,0.45,5.94
14,5.00,0.70,0.45,21.71
12,5.00,0.85,0.45,21.02
35,7.00,0.85,1.00,205.99
13,5.50,1.00,0.75,54.46
2,6.50,1.00,0.45,4.79
14,7.00,0.70,0.45,27.29
23,5.50,0.70,0.45,46.21
38,7.00,0.70,0.45,83.70
3,5.00,1.00,1.00,12.29
44,5.00,1.00,0.45,97.33
17,6.50,0.70,0.45,34.37
17,6.50,0.85,0.45,41.83
1,5.50,1.00,0.45,5.73
14,5.00,1.00,0.45,31.30
23,4.00,0.70,0.45,33.62
31,5.00,0.70,0.75,80.29
38,6.50,1.00,0.75,186.32
26,5.00,0.70,0.45,43.50
5,5.00,0.85,0.45,12.55
20,5.00,0.70,0.45,34.78
37,5.50,0.85,0.45,77.16
32,6.50,0.70,0.45,65.51
29,7.00,0.85,0.45,71.45
25,6.50,0.70,1.00,113.26
25,4.00,0.70,0.45,34.23
49,5.00,0.85,0.75,158.43
30,5.50,1.00,0.75,123.53
30,6.50,1.00,0.45,92.00
17,7.00,0.85,0.45,44.56
25,7.00,0.85,0.75,109.77
35,6.50,0.70,0.45,70.49
43,6.50,1.00,0.75,206.82
39,5.00,0.70,0.45,62.98
33,5.00,1.00,0.45,74.97
39,4.00,0.85,0.45,61.19
2,5.00,0.85,0.45,2.79
14,7.00,0.85,0.75,62.33
12,5.50,1.00,0.75,44.05
33,6.50,0.70,0.45,68.51
37,7.00,1.00,0.45,116.80
8,5.50,0.70,0.45,11.11
10,7.00,0.85,0.45,26.51
25,5.00,0.70,0.45,38.73
48,5.00,0.70,0.45,80.01
1,7.00,0.70,0.45,0.00
44,5.00,0.85,0.45,84.98
10,5.00,0.85,0.45,16.40
14,6.50,0.85,0.75,56.62
31,7.00,0.85,0.45,83.69
36,5.00,0.70,0.45,56.17
43,4.00,0.85,0.45,65.78
1,7.00,0.85,0.75,5.29
3,5.00,1.00,0.45,5.52
24,7.00,1.00,0.45,77.81
28,4.00,0.70,0.45,34.52
13,5.00,0.70,0.45,20.23
32,7.00,0.85,0.45,86.58
13,4.00,0.85,0.75,33.72
46,5.00,1.00,0.45,105.11
9,7.00,1.00,0.45,29.14
33,7.00,0.70,0.45,73.94
26,5.00,0.85,0.45,48.91
6,4.00,1.00,0.75,15.33
30,4.00,1.00,0.45,50.43
8,6.50,1.00,0.45,19.22
27,7.00,0.70,0.45,63.94
32,6.50,0.85,0.45,74.03
4,6.50,1.00,0.45,14.68
11,4.00,0.70,0.75,21.05
15,5.00,0.70,0.45,26.59
46,4.00,0.85,0.45,64.87
11,6.50,1.00,0.45,31.59
46,5.00,1.00,0.75,176.14
27,4.00,0.70,0.45,35.80
47,7.00,0.85,1.00,278.81
41,5.00,0.85,1.00,169.39
15,5.50,1.00,0.45,33.82
28,6.50,0.70,0.75,99.02
36,4.00,0.70,1.00,99.93
4,7.00,0.85,1.00,23.62
33,7.00,1.00,0.45,104.66
23,5.50,0.85,0.75,77.39
2,7.00,0.70,0.45,5.43
43,5.00,0.85,0.45,81.19
14,7.00,1.00,1.00,98.73
43,7.00,1.00,0.45,134.00
11,6.50,1.00,0.45,28.24
27,7.00,0.85,0.45,71.22
19,5.50,0.85,0.45,41.57
44,7.00,0.85,0.45,118.80
47,6.50,0.70,0.45,96.31
38,6.50,1.00,0.45,113.40
42,5.50,0.70,0.75,120.77
38,5.50,1.00,0.45,94.19
15,5.00,0.85,0.45,27.49
46,4.00,1.00,0.45,85.19
26,5.50,0.85,1.00,122.28
17,5.00,0.70,0.45,25.38
10,5.50,1.00,0.45,21.03
35,4.00,0.85,0.45,56.31
14,5.50,0.85,0.45,27.59
32,7.00,0.85,0.45,85.86
4,5.00,0.85,0.45,13.53
32,4.00,0.85,0.45,50.96
32,5.50,0.70,0.45,59.47
26,4.00,1.00,0.45,45.45
33,4.00,0.85,0.45,53.17
49,7.00,0.85,0.45,131.26
42,7.00,0.70,0.75,155.27
22,4.00,0.70,0.45,32.77
43,5.00,0.70,0.45,67.03
47,7.00,1.00,0.45,148.10
8,7.00,1.00,0.45,22.94
18,5.00,0.85,0.75,59.60
37,6.50,0.85,0.45,90.59
26,4.00,1.00,0.45,49.36
7,4.00,0.70,0.45,4.70
24,5.50,0.70,0.45,42.95
19,5.00,0.85,0.75,58.95
37,5.50,0.70,0.45,65.93
26,4.00,0.85,0.45,39.75
7,5.50,0.85,0.45,13.39
3,6.50,0.70,0.45,5.18
15,5.50,1.00,0.45,35.00
8,5.50,1.00,0.45,21.89
43,5.00,0.85,0.45,79.62
14,7.00,0.70,0.75,50.78
32,5.00,0.85,0.45,62.06
7,7.00,0.85,0.75,35.27
22,5.50,1.00,0.75,90.73
46,5.50,0.85,0.45,96.17
32,7.00,1.00,0.45,101.48
15,5.00,1.00,0.75,51.07
37,4.00,0.70,0.45,43.62
25,6.50,0.85,0.45,61.22
12,4.00,1.00,0.45,19.82
49,6.50,1.00,0.45,139.32
46,5.50,0.85,0.75,163.43
28,4.00,1.00,0.75,84.65
2,5.50,0.85,0.45,4.56
21,6.50,0.85,0.75,85.28
26,4.00,0.70,0.45,32.96
46,7.00,0.85,0.45,124.45
36,4.00,1.00,0.45,64.14
11,7.00,0.85,0.45,30.56
25,6.50,0.85,0.45,60.17
9,7.00,1.00,0.45,28.59
24,5.00,1.00,0.45,56.86
27,4.00,1.00,0.75,84.08
25,5.00,0.70,0.45,42.69
21,7.00,1.00,0.45,66.86
22,5.50,0.70,0.45,38.19
40,5.00,0.85,0.45,75.38
25,5.00,0.70,0.45,34.86
3,5.50,1.00,0.45,4.06
37,5.00,0.85,0.45,70.34
31,5.00,1.00,0.45,69.48
35,5.50,0.70,0.45,64.17
35,6.50,0.85,0.75,148.32
9,6.50,1.00,0.45,24.61
48,6.50,0.70,0.45,100.33
49,7.00,0.70,0.45,106.85
8,5.00,0.70,0.75,22.71
11,7.00,0.70,0.45,26.27
13,5.00,1.00,0.45,32.36
48,6.50,0.85,0.75,197.67
46,4.00,0.70,0.45,60.50
13,4.00,0.85,0.45,15.21
31,6.50,0.85,0.45,80.31
12,4.00,0.70,1.00,33.54
2,5.50,0.85,0.45,4.20
12,5.50,1.00,0.75,44.41
4,5.00,1.00,0.45,8.03
42,5.00,0.70,0.45,69.54
39,6.50,1.00,0.45,113.01
10,5.00,0.85,0.45,20.91
28,5.50,0.85,0.45,58.99
11,4.00,0.85,0.45,19.49
28,6.50,1.00,0.45,82.38
44,4.00,1.00,0.75,129.67
44,5.50,0.70,0.45,76.37
41,4.00,1.00,0.45,77.80
12,6.50,1.00,0.45,36.34
10,5.50,0.70,0.45,17.03
8,6.50,1.00,0.45,29.04
7,4.00,0.85,0.45,13.61
31,4.00,1.00,0.45,57.84
33,7.00,0.70,0.45,73.56
44,4.00,1.00,0.75,133.83
5,5.00,0.85,0.45,11.47
13,7.00,0.85,0.75,52.56
36,5.00,0.70,0.45,57.69
34,5.50,1.00,0.45,83.75
21,7.00,0.85,0.45,54.98
8,4.00,0.85,0.45,11.75
24,5.50,1.00,0.45,55.51
9,5.50,1.00,0.45,17.76
27,5.00,0.70,0.45,45.64
45,5.00,0.85,0.45,87.22
10,5.00,0.85,0.45,13.09
6,6.50,0.70,0.45,10.84
37,6.50,0.85,0.45,94.19
2,5.50,0.70,0.75,5.07
49,7.00,0.70,0.45,111.16
38,5.50,0.85,0.75,135.86
20,5.00,1.00,0.45,41.61
18,6.50,0.85,0.45,44.39
19,4.00,1.00,0.45,33.08
20,5.00,0.70,0.75,49.03
42,6.50,1.00,0.75,201.11
40,4.00,0.70,0.45,48.38
11,5.50,0.85,0.45,21.54
9,5.00,0.85,0.45,17.92
27,4.00,1.00,0.45,51.21
32,7.00,1.00,0.45,102.08
36,4.00,0.70,0.45,47.24
16,5.00,0.70,1.00,55.33
24,4.00,1.00,0.45,44.71
6,7.00,1.00,0.75,31.13
23,5.50,1.00,0.45,55.82
34,4.00,0.70,0.75,76.14
15,6.50,0.85,0.45,31.47
16,6.50,1.00,0.75,73.32
23,7.00,1.00,0.45,73.41
43,5.00,1.00,0.45,96.09
30,6.50,0.70,0.45,57.83
46,6.50,0.70,0.45,91.55
4,4.00,0.85,0.45,3.81
42,6.50,0.70,0.45,88.23
3,6.50,1.00,0.45,11.81
16,5.50,0.85,0.45,37.76
21,6.50,1.00,0.75,98.40
12,5.50,0.70,0.45,17.37
49,5.00,0.85,1.00,204.66
44,7.00,0.70,0.45,100.24
28,5.50,0.85,0.75,99.22
23,4.00,0.85,0.75,58.85
38,6.50,0.70,0.45,78.38
35,5.50,0.70,0.45,60.50
24,6.50,0.85,0.45,56.87
41,5.50,0.85,0.75,145.04
10,6.50,0.85,0.45,24.40
14,5.50,1.00,0.45,31.65
1,7.00,0.85,0.75,5.90
6,6.50,0.70,0.45,11.22
10,5.00,0.70,0.45,16.32
31,4.00,0.85,0.45,47.12
42,5.00,0.85,0.75,136.10
29,7.00,0.70,0.75,107.13
22,6.50,1.00,0.45,62.14
14,5.00,1.00,0.75,53.31
5,6.50,1.00,0.45,15.51
29,5.00,1.00,0.45,66.53
7,5.50,0.70,0.75,22.80
39,5.00,1.00,0.75,144.71
21,6.50,1.00,0.45,63.09
18,6.50,0.85,0.75,70.28
2,7.00,0.85,1.00,11.60
12,5.00,0.70,0.45,18.21
1,4.00,0.70,0.45,4.88
36,7.00,0.85,0.45,96.00
25,6.50,1.00,0.45,74.64
39,7.00,1.00,0.45,118.45
28,6.50,0.70,0.45,56.45
47,6.50,0.85,0.45,114.74
39,5.50,0.70,0.45,73.76
8,4.00,0.85,0.75,18.73
6,4.00,0.70,0.45,7.74
44,5.50,0.85,1.00,206.02
14,5.50,0.70,1.00,49.93
38,6.50,0.85,0.75,156.15
31,6.50,1.00,0.45,91.69
35,6.50,1.00,0.45,102.59
14,5.50,1.00,0.45,28.90
16,6.50,0.85,0.75,64.88
28,7.00,0.70,0.45,64.29
2,5.00,0.85,0.45,5.30
16,5.00,0.70,0.45,28.25
25,7.00,1.00,0.75,128.79
11,5.00,0.85,0.45,24.24
15,4.00,0.85,0.45,22.84
49,4.00,1.00,0.45,92.18
15,5.50,0.85,0.75,52.60
45,5.00,0.85,0.75,138.32
46,4.00,0.85,0.45,72.50
34,5.50,0.85,0.75,118.10
8,5.50,1.00,0.45,18.86
11,6.50,0.70,0.45,18.89
46,7.00,1.00,0.45,148.96
1,7.00,0.70,0.45,0.90
25,4.00,0.70,0.45,35.44
30,5.00,1.00,0.45,66.42
42,6.50,1.00,1.00,270.68
44,6.50,0.85,0.45,112.69
14,5.00,0.70,0.45,21.87
25,4.00,0.85,0.45,38.09
32,5.50,0.85,0.75,109.00
48,7.00,0.70,0.75,175.26
28,7.00,0.85,0.45,76.04
6,6.50,0.70,0.45,9.04
46,6.50,0.70,0.45,92.84
26,6.50,1.00,0.45,75.00
9,6.50,0.85,0.45,22.54
10,7.00,1.00,0.45,35.20
11,5.50,1.00,0.45,26.48
36,7.00,1.00,0.45,111.67
47,7.00,1.00,0.45,154.92
22,4.00,1.00,0.45,38.52
5,6.50,0.70,0.75,16.59
44,5.50,0.85,0.45,91.67
32,5.00,0.85,0.45,60.51
28,6.50,0.70,0.75,95.74
3,5.00,0.70,0.45,7.03
48,4.00,0.85,0.45,74.45
4,7.00,0.85,0.75,20.54
30,5.00,0.85,0.45,59.99
30,6.50,0.85,0.45,75.11
26,6.50,0.85,0.45,65.58
28,5.50,1.00,0.45,72.07
20,5.50,1.00,0.45,46.72
29,6.50,1.00,1.00,194.75
18,4.00,0.85,0.45,26.26
24,6.50,0.70,0.45,48.26
34,5.50,0.85,0.45,68.50
37,6.50,1.00,0.45,105.27
8,6.50,0.85,0.45,22.33
49,7.00,0.70,0.75,185.75
5,6.50,0.85,0.45,11.01
14,6.50,1.00,0.75,69.12
17,6.50,1.00,0.45,50.28
16,5.50,0.85,0.45,36.16
18,6.50,0.70,0.45,42.40
16,5.00,1.00,0.75,63.80
22,6.50,0.70,0.45,44.45
38,7.00,0.70,0.45,85.11
41,5.50,1.00,0.45,103.05
18,5.50,1.00,0.45,44.50
13,7.00,1.00,0.45,38.21
34,7.00,0.85,0.45,89.04
3,6.50,1.00,1.00,22.37
22,5.00,0.70,0.75,60.88
11,6.50,1.00,0.45,31.66
30,7.00,0.85,0.45,80.98
4,6.50,0.70,0.45,11.18
41,5.00,1.00,0.45,87.99
14,4.00,1.00,1.00,54.88
26,4.00,0.70,0.45,37.80
29,6.50,1.00,0.45,85.57
24,7.00,0.85,0.75,104.28
22,7.00,1.00,0.45,69.59
14,5.50,1.00,0.45,37.20
38,7.00,0.85,0.45,95.38
26,4.00,0.85,1.00,88.84
11,5.50,0.85,0.75,37.64
13,5.50,0.70,0.45,18.42
22,5.50,1.00,0.75,90.95
42,6.50,0.85,0.75,173.70
48,5.00,1.00,0.75,179.94
20,5.50,0.70,0.45,33.78
20,4.00,0.85,0.75,48.45
7,7.00,0.70,0.45,11.80
27,5.50,1.00,1.00,146.77
12,5.50,0.85,0.45,27.39
41,6.50,1.00,0.45,120.51
27,5.50,1.00,0.45,66.65
11,5.50,0.70,1.00,39.75
45,5.50,0.70,0.45,77.03
40,5.00,1.00,0.45,91.84
15,7.00,0.85,0.45,41.42
6,5.50,0.70,0.45,9.20
13,5.00,1.00,1.00,58.47
19,5.00,0.70,0.45,28.24
20,5.00,1.00,0.45,43.79
41,5.00,0.85,0.75,128.42
48,7.00,0.70,0.75,175.37
37,5.50,0.70,0.45,66.14
42,4.00,1.00,0.45,75.51
7,5.00,1.00,1.00,37.47
8,5.50,1.00,0.45,16.03
45,6.50,0.85,0.45,111.12
31,5.00,1.00,0.45,64.90
12,7.00,0.70,0.45,25.39
39,5.50,1.00,0.45,93.91
9,5.00,0.85,0.45,20.42
38,6.50,0.70,0.45,78.83
44,7.00,0.85,0.75,198.89
24,5.50,0.85,0.45,49.42
33,6.50,1.00,0.45,93.98
36,5.50,0.70,0.75,101.32
44,7.00,0.70,0.75,162.36
29,6.50,0.70,0.75,103.49
15,6.50,1.00,0.45,44.91
10,7.00,0.85,0.45,25.84
18,4.00,0.70,0.45,22.21
3,5.00,0.70,0.45,4.65
35,5.00,0.85,0.45,72.00
19,5.50,0.70,0.45,36.00
35,5.50,1.00,0.45,87.27
4,5.50,0.70,0.45,7.20
16,4.00,0.85,0.45,25.23
20,5.00,0.70,0.45,32.74
5,5.00,0.85,0.75,14.90
41,4.00,0.85,0.45,60.62
30,5.00,0.70,0.45,49.83
42,6.50,0.70,0.45,86.05
40,5.50,0.70,0.45,71.67
2,4.00,1.00,0.75,10.12
43,5.50,0.85,0.45,91.76
4,5.50,0.70,0.45,7.83
43,4.00,0.70,0.45,62.18
33,5.00,0.85,0.45,63.63
41,6.50,0.70,0.75,137.19
25,5.50,0.85,0.45,51.89
8,7.00,1.00,0.45,29.08
8,5.50,0.70,0.45,10.62
6,5.00,0.85,0.45,9.59
40,5.50,0.85,0.45,86.92
27,5.50,1.00,0.75,110.70
11,6.50,1.00,0.75,53.35
7,4.00,0.85,0.45,13.39
4,5.00,0.70,0.45,4.51
13,4.00,1.00,0.45,19.73
37,5.50,0.70,0.45,60.63
44,5.00,0.70,0.75,116.95
30,7.00,0.85,0.45,80.97
49,5.00,0.70,0.75,126.89
20,5.50,0.70,0.45,31.75
17,7.00,0.70,0.45,36.81
34,5.00,0.70,0.45,56.34
7,6.50,0.70,0.45,12.24
45,4.00,0.70,0.75,92.84
39,4.00,1.00,0.75,114.02
2,5.50,0.85,0.45,3.29
10,5.50,0.70,0.45,18.17
31,5.50,0.85,0.45,70.50
37,7.00,1.00,1.00,259.54
11,5.00,0.70,0.45,17.19
37,4.00,0.85,0.45,58.77
24,7.00,0.70,0.45,54.66
34,5.00,1.00,0.45,75.06
21,4.00,1.00,0.45,43.56
23,4.00,0.85,0.45,35.13
20,6.50,1.00,0.45,59.09
8,5.50,0.85,0.75,29.43
10,5.00,0.85,0.45,19.99
9,5.50,1.00,0.45,26.09
40,5.00,0.70,0.45,61.53
21,7.00,1.00,0.45,68.11
19,5.00,0.70,1.00,66.91
42,7.00,1.00,0.45,134.76
44,5.00,0.85,0.75,139.71
12,7.00,0.70,0.75,43.22
18,6.50,1.00,0.45,54.48
21,4.00,0.70,0.45,27.35
42,5.00,1.00,0.45,92.45
33,5.00,0.70,0.45,55.34
27,6.50,0.70,0.45,57.11
12,5.00,1.00,0.45,26.81
19,6.50,0.85,0.45,46.07
2,5.50,0.70,1.00,8.61
35,7.00,1.00,0.45,111.90
46,5.00,1.00,0.45,99.51
39,7.00,1.00,0.45,123.79
16,5.50,0.85,0.75,57.73
24,5.00,0.70,0.45,31.92
47,5.00,0.85,0.75,150.30
21,4.00,0.85,0.75,55.29
42,5.50,0.70,0.45,74.22
29,5.50,1.00,0.75,121.63
25,6.50,0.70,0.45,50.37
29,5.50,1.00,0.45,69.18
11,7.00,1.00,1.00,72.50
21,5.50,0.70,1.00,83.58
15,5.50,0.85,0.45,33.31
38,5.50,0.85,0.45,82.86
31,5.00,1.00,0.45,67.94
20,7.00,0.85,0.45,55.56
41,4.00,0.70,0.45,47.90
23,5.50,1.00,0.45,54.75
47,5.00,1.00,0.45,106.06
30,6.50,1.00,0.45,89.41
44,6.50,0.85,0.45,113.59
49,7.00,0.70,0.45,107.44
17,7.00,1.00,0.75,87.09
13,5.50,0.70,0.45,20.23
41,7.00,0.70,0.75,148.96
12,7.00,0.85,1.00,76.95
37,6.50,0.70,0.75,128.15
9,6.50,0.70,0.45,21.21
43,5.50,0.70,0.75,123.57
34,5.00,0.85,0.45,65.02
26,7.00,1.00,0.45,83.65
23,5.00,0.70,0.45,34.96
32,6.50,0.85,0.45,78.83
20,5.00,1.00,0.45,43.31
20,5.00,0.70,0.45,30.38
11,5.50,0.85,0.75,38.69
8,7.00,0.70,0.45,15.59
44,7.00,0.70,0.45,97.73
37,4.00,1.00,0.45,67.31
22,5.00,0.70,0.75,57.30
41,5.00,0.70,0.75,105.56
30,7.00,0.70,0.45,66.41
30,5.50,1.00,0.45,72.99
6,5.00,0.70,0.45,9.57
27,5.00,0.70,0.45,45.27
6,6.50,0.70,0.75,17.34
34,5.50,0.85,0.45,76.96
4,5.00,0.70,0.45,6.12
26,5.00,0.85,0.45,50.75
18,6.50,1.00,0.45,50.77
7,5.50,0.70,0.45,14.98
24,7.00,0.85,0.45,63.95
10,6.50,1.00,0.45,28.26
12,7.00,0.85,1.00,69.96
44,4.00,1.00,0.75,131.33
18,7.00,0.85,0.45,49.24
20,4.00,0.85,0.45,31.03
1,5.00,0.70,0.75,2.53
15,5.00,0.70,0.75,37.60
18,7.00,0.85,0.45,46.27
36,5.00,0.70,0.45,55.55
6,5.00,1.00,0.45,14.65
46,5.50,0.70,0.45,81.35
7,6.50,1.00,0.75,36.12
32,7.00,0.70,0.45,70.56
1,6.50,0.70,0.45,3.01
41,7.00,1.00,0.45,128.73
35,7.00,1.00,0.45,105.89
42,7.00,0.70,1.00,205.26
46,5.50,0.70,0.45,78.76
41,7.00,0.70,0.45,87.81
31,5.00,1.00,0.45,68.33
42,4.00,0.85,0.45,64.60
5,5.50,0.85,0.45,7.69
32,5.00,0.70,0.45,48.62
49,5.00,0.70,0.45,81.04
19,4.00,0.70,1.00,49.19
48,6.50,0.85,0.75,198.44
25,6.50,1.00,1.00,159.58
23,5.50,0.70,0.45,37.97
15,7.00,1.00,1.00,104.51
6,7.00,1.00,0.45,16.43
43,6.50,1.00,0.45,127.21
36,5.50,0.85,0.75,129.60
20,5.50,1.00,0.45,51.60
48,5.50,0.85,0.45,103.54
10,5.00,1.00,0.45,19.05
39,5.00,0.70,0.45,60.82
23,4.00,0.85,0.45,36.36
31,5.50,1.00,0.45,78.90
2,7.00,0.70,0.45,8.79
30,5.50,0.85,0.45,65.79
34,7.00,1.00,0.45,109.34
48,6.50,0.85,0.45,125.92
17,4.00,0.70,0.45,21.66
4,4.00,0.70,0.45,4.32
4,7.00,0.85,0.45,11.15
8,5.00,0.70,0.45,10.31
15,5.00,1.00,0.45,33.92
41,5.50,0.70,1.00,153.53
10,6.50,0.70,0.45,19.15
8,5.50,0.85,0.45,16.54
2,6.50,0.85,0.45,7.35
19,5.50,0.85,0.45,42.75
30,4.00,1.00,0.45,51.59
14,5.00,0.70,0.45,27.24
25,4.00,0.70,0.45,31.87
12,4.00,0.70,0.45,15.72
40,5.50,1.00,1.00,215.96
2,6.50,0.70,0.75,5.27
10,5.00,0.85,0.45,21.75
28,5.00,0.70,0.45,44.52
42,5.00,0.70,0.45,66.42
20,4.00,0.70,0.45,25.77
4,5.50,0.70,0.45,3.32
28,4.00,1.00,0.45,50.16
14,5.00,1.00,0.45,35.02
15,4.00,1.00,0.45,29.72
46,5.50,0.85,1.00,214.74
47,5.00,0.70,0.45,77.93
13,5.00,0.70,0.45,17.33
29,7.00,0.85,0.45,75.22
27,6.50,0.70,0.45,59.94
48,5.00,1.00,0.45,109.44
47,6.50,0.85,0.45,116.13
18,6.50,0.85,0.45,44.61
2,5.00,1.00,0.75,5.48
1,6.50,0.85,0.45,3.18
1,5.00,0.70,0.45,2.07
39,5.50,0.70,0.45,67.62
37,6.50,0.70,0.45,72.86
41,7.00,0.70,0.45,91.07
7,5.00,0.85,0.45,12.06
3,7.00,1.00,0.45,6.99
9,6.50,0.70,0.45,21.59
31,7.00,0.85,0.75,143.76
1,6.50,0.85,0.45,7.34
33,7.00,1.00,0.45,105.58
44,4.00,0.70,0.45,54.78
8,7.00,0.70,0.75,29.22
37,7.00,0.70,0.75,136.99
28,6.50,1.00,0.45,80.85
47,4.00,0.70,0.45,62.52
12,6.50,0.85,0.45,24.75
12,7.00,1.00,0.45,37.06
1,6.50,0.85,0.75,6.15
35,4.00,0.85,0.45,51.44
43,5.00,0.85,0.75,136.46
1,5.50,1.00,0.45,3.96
25,5.00,0.85,1.00,110.05
36,6.50,0.70,0.45,70.48
39,5.00,0.70,0.45,58.00
46,7.00,0.70,0.45,99.06
36,6.50,0.85,0.45,85.66
46,5.00,0.70,0.45,68.78
49,6.50,1.00,0.45,140.89
46,6.50,0.70,0.45,97.27
22,6.50,0.85,0.45,53.92
20,5.00,0.85,0.45,38.33
21,4.00,0.85,0.45,29.74
47,7.00,0.70,0.45,105.22
14,5.00,1.00,0.45,36.19
37,7.00,0.85,1.00,217.93
31,5.00,0.70,0.45,53.14
4,5.50,0.85,0.45,9.33
24,7.00,1.00,0.75,126.04
10,6.50,0.85,0.75,42.44
36,5.00,0.70,0.45,57.68
22,7.00,0.70,0.45,53.15
18,4.00,1.00,0.75,55.30
4,4.00,0.85,0.75,11.55
7,4.00,0.70,0.75,13.65
38,5.00,1.00,0.45,87.60
43,6.50,1.00,0.45,123.38
15,5.00,1.00,0.75,56.52
41,4.00,0.85,0.75,111.76
28,5.00,0.85,0.75,82.99
18,6.50,1.00,0.45,53.23
23,5.00,1.00,0.75,86.93
34,6.50,0.85,1.00,187.28
45,5.00,0.70,0.45,70.36
25,5.50,1.00,0.45,62.10
17,5.50,0.85,0.75,58.98
38,7.00,0.70,0.45,84.34
26,6.50,0.85,0.75,106.52
20,4.00,0.85,0.45,35.66
23,7.00,1.00,0.45,71.82
27,5.00,0.70,0.45,43.95
7,5.00,0.70,0.75,16.70
3,7.00,0.70,1.00,17.03
33,4.00,0.70,0.75,71.13
9,5.00,0.85,0.45,18.26
27,7.00,0.85,0.45,69.72
39,5.50,0.70,0.45,65.69
11,6.50,1.00,1.00,75.72
19,6.50,1.00,0.75,90.72
48,5.50,1.00,0.75,199.60
2,4.00,0.85,0.75,2.74
38,6.50,1.00,0.45,113.67
9,5.00,0.85,0.45,15.50
45,6.50,0.85,0.45,109.47
21,5.50,0.70,0.45,34.60
1,6.50,0.85,0.45,1.10
36,5.50,1.00,0.45,90.11
8,6.50,0.70,0.75,27.47
18,5.50,0.85,0.75,60.37
25,4.00,1.00,0.45,44.93
37,5.00,0.85,0.75,115.08
21,5.00,1.00,0.45,48.86
43,7.00,0.85,0.45,117.20
24,6.50,0.70,0.45,49.08
17,5.00,1.00,0.75,64.43
17,4.00,0.70,0.45,25.80
40,5.00,0.85,1.00,169.61
33,4.00,0.70,0.45,39.22
7,7.00,0.70,0.75,27.17
37,5.50,0.70,0.45,61.27
21,5.50,1.00,0.75,86.10
18,5.00,0.70,0.45,26.85
5,6.50,0.85,0.75,18.96
49,6.50,0.70,0.45,99.70
3,6.50,0.70,0.75,12.49
49,6.50,0.85,0.75,205.81
4,5.00,0.70,0.75,12.82
25,4.00,0.85,0.45,39.09
6,6.50,1.00,0.45,16.91
25,4.00,0.70,0.45,25.61
41,4.00,0.85,0.45,63.65
29,6.50,1.00,0.45,79.13
27,5.50,1.00,0.75,106.57
6,6.50,0.70,0.75,20.07
47,4.00,0.70,0.75,99.36
19,5.50,0.70,0.45,31.79
27,7.00,0.85,0.45,76.13
44,5.00,1.00,0.75,166.16
31,5.00,0.85,0.75,98.19
37,5.50,1.00,0.45,95.04
10,6.50,1.00,0.45,33.16
23,4.00,1.00,0.45,42.68
27,5.00,0.85,0.45,49.70
9,5.00,1.00,0.45,18.87
19,6.50,1.00,0.45,51.96
41,5.00,1.00,0.45,92.14
46,6.50,0.70,0.45,91.56
41,5.00,0.85,0.45,77.59
46,7.00,0.85,0.45,123.82
49,6.50,0.85,0.75,198.08
10,5.50,0.85,0.75,31.90
42,5.50,0.85,1.00,195.08
31,5.00,0.70,0.45,48.69
43,4.00,0.70,0.45,52.95
32,6.50,1.00,0.45,92.92
7,5.00,0.70,0.45,9.26
28,5.50,1.00,0.75,111.88
38,6.50,1.00,0.45,109.81
7,5.00,0.85,0.45,12.85
25,5.00,0.85,1.00,105.47
33,5.50,0.70,0.45,57.45
23,4.00,0.70,0.45,30.03
40,5.50,1.00,0.75,166.70
7,5.00,0.85,0.45,11.80
17,5.50,0.70,0.45,25.51
47,6.50,0.70,1.00,217.03
26,6.50,0.85,0.45,65.61
9,5.00,0.85,0.45,14.83
6,7.00,0.85,0.45,16.76
30,7.00,1.00,0.75,160.17
46,6.50,0.85,0.45,118.69
3,6.50,0.70,0.45,6.77
6,6.50,1.00,0.45,20.20
19,6.50,0.70,0.45,35.88
11,5.50,1.00,0.45,27.14
6,4.00,1.00,1.00,23.16
15,5.00,0.70,0.45,24.48
32,5.50,0.85,0.45,71.35
41,7.00,0.85,0.75,183.59
16,5.00,0.85,0.75,48.66
35,6.50,0.85,0.45,83.86
41,4.00,0.85,0.75,108.66
1,4.00,0.70,0.45,2.54
42,5.50,0.85,0.45,89.48
9,7.00,1.00,0.75,46.39
34,4.00,1.00,0.45,61.87
37,7.00,0.85,0.45,96.60
42,6.50,0.85,0.75,175.01
20,6.50,0.85,0.45,46.79
33,5.50,1.00,0.45,80.78
2,5.50,1.00,1.00,9.39
22,4.00,1.00,0.45,31.46
48,5.00,0.70,0.45,74.73
8,5.00,0.85,0.45,13.05
8,5.50,0.70,0.45,13.33
35,7.00,0.85,1.00,208.25
26,7.00,1.00,0.45,86.32
23,4.00,0.85,1.00,78.96
13,5.50,0.70,0.45,23.36
9,6.50,0.85,0.45,23.62
37,5.00,1.00,0.45,85.43
18,6.50,1.00,0.45,53.79
39,6.50,0.70,0.75,133.79
22,5.00,1.00,0.45,51.28
20,5.50,0.70,1.00,70.93
12,5.50,0.70,0.45,26.01
33,4.00,1.00,0.45,63.37
14,5.50,0.85,0.45,30.00
45,6.50,0.85,0.45,108.35
21,7.00,0.70,0.45,49.33
40,7.00,0.70,0.45,86.47
24,6.50,1.00,0.75,118.33
21,7.00,1.00,0.75,107.04
23,7.00,0.70,0.75,90.09
22,5.50,0.85,1.00,99.24
24,6.50,1.00,0.45,70.37
44,7.00,0.85,0.45,112.50
35,5.50,1.00,0.45,86.52
2,5.50,1.00,0.75,7.19
3,4.00,0.70,0.45,6.62
2,6.50,1.00,0.75,8.69
34,6.50,0.70,0.45,72.46
11,7.00,1.00,0.45,32.09
19,7.00,1.00,0.75,99.05
41,5.50,0.70,0.75,117.73
7,6.50,1.00,0.45,21.71
8,7.00,0.85,0.75,36.62
4,5.50,0.85,0.45,10.22
14,4.00,0.85,0.45,22.09
5,7.00,0.85,0.45,15.04
31,5.00,1.00,0.75,114.01
37,5.50,1.00,0.45,92.55
10,6.50,1.00,0.45,33.27
26,7.00,1.00,0.45,77.70
15,7.00,0.85,0.45,41.39
4,5.00,0.85,0.75,14.44
23,6.50,1.00,0.45,70.93
35,7.00,1.00,0.45,112.07
12,7.00,0.70,0.45,26.71
39,5.00,1.00,0.45,88.83
49,5.50,0.85,1.00,227.24
3,4.00,0.70,0.45,2.81
9,5.00,0.70,0.45,10.84
15,5.50,0.70,0.45,29.71
42,7.00,0.85,0.45,113.58
7,6.50,0.85,0.45,15.11
24,6.50,0.70,0.45,49.82
27,5.50,0.70,0.45,49.68
7,5.00,1.00,0.45,18.23
3,5.00,0.70,0.45,2.41
6,6.50,0.70,0.45,4.45
3,5.50,0.70,0.45,6.19
25,6.50,1.00,0.45,70.91
46,7.00,0.85,0.45,124.72
18,5.50,1.00,0.45,46.93
13,5.50,1.00,0.45,34.96
12,6.50,0.85,0.45,34.20
49,6.50,1.00,0.45,146.42
47,4.00,1.00,0.45,88.97
32,4.00,1.00,0.45,61.05
23,6.50,0.85,0.45,60.85
8,7.00,1.00,0.45,25.10
46,5.50,0.70,0.45,76.47
1,6.50,0.70,0.45,8.25
9,6.50,0.70,0.75,30.87
34,5.50,0.70,0.45,61.98
9,5.00,0.85,0.45,15.84
6,4.00,0.85,0.45,11.59
30,5.50,0.70,0.75,80.51
2,6.50,0.85,1.00,10.02
14,4.00,0.85,1.00,47.35
32,5.00,0.85,0.45,62.36
10,5.00,1.00,0.75,40.18
38,5.00,0.70,0.45,57.11
5,6.50,0.70,1.00,24.40
31,5.50,0.70,0.45,56.77
4,7.00,1.00,0.75,26.86
36,5.50,0.70,0.75,105.72
37,5.50,1.00,0.45,90.43
39,5.00,1.00,0.45,84.57
14,4.00,1.00,0.45,29.77
12,4.00,1.00,0.75,37.84
48,7.00,1.00,0.45,151.15
36,5.00,0.70,0.45,52.65
9,7.00,1.00,0.45,26.02
2,6.50,0.70,0.45,5.67
18,5.50,1.00,0.45,45.43
33,6.50,0.85,0.45,77.18
19,5.50,0.85,0.45,41.55
40,5.00,0.70,0.45,59.08
25,7.00,0.70,0.45,58.51
49,6.50,0.70,0.45,100.85
43,4.00,0.70,0.45,53.02
24,5.00,1.00,0.45,56.48
41,5.00,1.00,0.75,154.63
22,4.00,0.85,0.45,36.97
1,5.50,1.00,0.45,2.68
16,5.00,0.85,0.45,30.95
21,6.50,0.85,0.45,51.50
48,6.50,1.00,0.45,141.06
41,6.50,1.00,0.75,204.12
8,7.00,0.70,0.45,16.38
1,5.50,0.85,0.45,3.72
26,5.50,0.70,0.45,42.84
27,5.50,0.85,0.75,89.50
37,6.50,0.85,0.75,153.84
13,7.00,0.70,1.00,64.63
40,4.00,1.00,0.75,119.72
21,5.50,1.00,0.45,48.24
17,4.00,0.70,0.45,22.18
21,4.00,0.70,0.75,44.77
47,5.50,1.00,0.45,114.10
20,7.00,0.85,0.75,85.87
28,4.00,0.85,0.45,42.21
44,5.50,0.70,0.45,77.86
1,4.00,0.85,0.45,2.57
27,4.00,1.00,0.45,46.40
35,5.50,0.70,0.45,60.98
45,5.00,0.70,0.45,73.09
4,5.00,0.85,0.45,4.72
36,7.00,0.70,0.45,79.54
40,7.00,1.00,0.75,213.35
18,6.50,1.00,0.45,49.46
37,5.50,0.70,0.75,109.73
25,4.00,0.85,0.75,67.80
33,5.50,1.00,0.45,81.12
20,5.00,0.70,0.75,51.64
9,7.00,1.00,0.45,30.93
41,5.00,1.00,0.45,91.78
11,5.00,0.85,0.45,15.15
10,5.00,0.85,0.45,18.88
44,6.50,0.70,0.45,91.27
46,5.50,0.85,0.45,98.62
30,4.00,1.00,0.45,51.80
29,7.00,0.70,0.45,63.27
18,5.50,0.85,0.45,40.31
30,7.00,1.00,0.45,94.35
30,5.50,0.85,0.45,59.29
26,4.00,0.85,0.75,69.39
33,5.00,0.85,0.75,104.65
28,6.50,1.00,0.45,84.63
44,6.50,0.85,0.45,105.91
33,5.00,0.85,0.75,104.89
19,5.00,0.70,0.45,31.20
33,5.50,0.70,0.45,56.95
12,5.00,0.70,0.75,28.54
11,5.50,0.85,0.45,17.17
41,4.00,0.85,0.45,66.54
29,6.50,0.85,1.00,160.85
3,7.00,1.00,0.45,12.37
18,5.50,1.00,0.75,76.57
49,7.00,0.70,0.45,109.54
32,4.00,1.00,0.75,95.20
43,7.00,0.70,0.75,159.25
27,5.00,0.70,1.00,98.08
3,5.50,0.70,0.45,5.41
9,7.00,1.00,0.45,33.10
5,4.00,0.85,0.45,3.90
37,5.00,0.70,0.45,54.26
38,5.50,0.85,0.45,82.41
23,5.50,0.85,0.45,46.34
36,7.00,0.70,0.45,84.49
28,5.00,0.70,0.75,76.84
37,5.00,1.00,0.75,142.72
33,7.00,1.00,0.45,106.16
23,6.50,0.85,0.45,54.88
32,5.00,0.85,0.75,97.85
16,5.00,0.70,0.75,45.74
37,4.00,1.00,0.75,107.25
45,6.50,1.00,0.75,223.34
11,6.50,0.70,0.45,24.20
33,6.50,0.85,0.45,81.86
6,5.50,0.70,0.45,11.50
19,7.00,1.00,0.45,61.01
33,6.50,0.85,0.45,81.54
14,5.00,0.85,0.45,30.34
12,7.00,0.70,0.45,29.94
19,5.50,1.00,0.45,47.41
6,4.00,1.00,1.00,22.50
31,5.00,0.85,0.45,62.55
7,4.00,0.85,0.75,12.79
17,5.00,0.70,0.45,27.88
16,4.00,0.70,0.45,22.01
48,6.50,1.00,0.45,138.33
49,5.50,1.00,0.45,123.71
4,5.50,0.85,0.45,8.35
8,5.00,0.70,0.75,19.64
36,7.00,0.85,0.45,98.80
15,5.00,0.70,0.45,20.91
32,5.00,1.00,0.75,122.17
46,7.00,0.70,0.45,96.47
8,7.00,1.00,0.45,25.91
48,6.50,0.70,0.45,98.39
3,4.00,0.70,0.45,2.43
12,6.50,1.00,0.45,36.07
25,5.00,1.00,0.75,93.55
44,4.00,0.85,0.45,69.96
28,4.00,0.70,0.45,36.68
